days_until_expiry,credential_age_days,dependency_count,privilege_level,environment,historical_rotation_failures,access_frequency_per_day,risk_level
39,280,0,LOW,Production,0,35,LOW
43,215,1,LOW,Development,0,833,LOW
7,173,0,HIGH,Testing,0,372,MEDIUM
1,151,4,HIGH,Production,0,887,HIGH
128,120,5,LOW,Staging,0,469,LOW
73,350,3,MEDIUM,Production,0,180,MEDIUM
90,113,3,LOW,Production,1,799,MEDIUM
118,291,5,HIGH,Development,0,676,MEDIUM
7,288,2,ADMIN,Production,0,443,HIGH
62,57,1,MEDIUM,Testing,0,701,LOW
161,6,3,LOW,Production,0,911,MEDIUM
6,2,6,MEDIUM,Production,1,274,HIGH
50,102,1,HIGH,Testing,0,557,MEDIUM
105,158,1,ADMIN,Testing,0,585,LOW
4,244,6,LOW,Testing,0,545,MEDIUM
142,333,1,MEDIUM,Testing,1,467,LOW
66,4,0,LOW,Development,0,239,LOW
46,110,2,LOW,Development,0,908,LOW
37,182,2,MEDIUM,Production,0,751,MEDIUM
56,56,1,HIGH,Development,0,464,LOW
2,334,8,LOW,Development,1,100,HIGH
118,31,1,HIGH,Testing,0,404,LOW
75,250,1,HIGH,Staging,0,64,MEDIUM
9,272,1,MEDIUM,Production,2,87,HIGH
5,305,0,LOW,Testing,0,678,LOW
5,203,0,MEDIUM,Production,0,473,HIGH
163,38,2,HIGH,Staging,0,140,MEDIUM
41,361,1,ADMIN,Testing,3,831,HIGH
6,55,3,LOW,Production,0,293,HIGH
123,27,0,HIGH,Production,0,288,MEDIUM
78,219,2,MEDIUM,Development,0,909,LOW
26,22,1,LOW,Production,1,820,HIGH
2,287,5,LOW,Testing,0,640,MEDIUM
1,171,4,ADMIN,Production,0,690,HIGH
139,241,1,HIGH,Testing,1,476,MEDIUM
8,143,5,HIGH,Staging,2,290,HIGH
6,136,0,MEDIUM,Staging,0,358,MEDIUM
4,23,3,MEDIUM,Production,0,830,HIGH
99,170,3,HIGH,Production,0,132,HIGH
18,66,1,MEDIUM,Production,0,393,MEDIUM
20,108,2,ADMIN,Production,0,675,HIGH
61,146,2,MEDIUM,Staging,0,348,MEDIUM
6,24,1,ADMIN,Development,0,875,MEDIUM
30,125,0,MEDIUM,Production,0,919,MEDIUM
42,26,2,HIGH,Production,1,129,HIGH
22,281,2,HIGH,Production,0,887,HIGH
6,226,0,MEDIUM,Production,0,283,HIGH
45,362,1,ADMIN,Staging,0,343,MEDIUM
165,11,5,MEDIUM,Production,0,394,MEDIUM
65,113,2,ADMIN,Production,0,502,HIGH
150,319,2,MEDIUM,Development,1,611,MEDIUM
7,134,1,LOW,Production,0,339,MEDIUM
16,277,0,ADMIN,Staging,2,234,HIGH
46,319,1,HIGH,Production,0,690,MEDIUM
41,59,4,ADMIN,Development,0,323,MEDIUM
2,354,4,LOW,Development,0,718,MEDIUM
26,220,3,ADMIN,Production,0,668,HIGH
172,236,3,HIGH,Staging,0,756,MEDIUM
7,126,4,HIGH,Production,0,907,HIGH
154,94,2,HIGH,Production,0,269,HIGH
157,44,1,ADMIN,Staging,0,573,MEDIUM
3,114,2,HIGH,Production,0,684,HIGH
21,360,2,MEDIUM,Production,0,241,HIGH
14,302,7,LOW,Development,0,294,LOW
2,274,0,HIGH,Testing,0,60,HIGH
86,241,2,HIGH,Production,0,57,HIGH
62,352,0,ADMIN,Staging,0,581,MEDIUM
79,317,1,LOW,Testing,0,466,LOW
3,51,6,MEDIUM,Testing,0,221,HIGH
1,231,3,LOW,Staging,0,38,MEDIUM
120,321,2,HIGH,Staging,1,207,HIGH
3,85,4,MEDIUM,Production,0,849,HIGH
30,140,2,MEDIUM,Production,0,87,HIGH
3,346,4,ADMIN,Production,0,26,HIGH
61,143,1,HIGH,Testing,0,655,LOW
52,83,1,ADMIN,Production,0,300,MEDIUM
4,60,7,MEDIUM,Production,0,531,HIGH
34,319,4,LOW,Production,0,783,MEDIUM
22,15,7,MEDIUM,Development,0,250,MEDIUM
10,61,3,MEDIUM,Production,0,738,HIGH
46,197,1,HIGH,Staging,0,769,MEDIUM
7,2,1,ADMIN,Testing,0,606,MEDIUM
25,279,1,HIGH,Production,2,895,HIGH
3,243,3,HIGH,Development,1,400,HIGH
33,303,1,HIGH,Testing,0,870,LOW
174,39,2,MEDIUM,Production,2,351,HIGH
29,163,3,MEDIUM,Production,1,504,HIGH
127,47,2,LOW,Testing,0,653,LOW
33,151,1,LOW,Production,0,255,LOW
169,318,3,MEDIUM,Production,0,602,MEDIUM
92,239,5,MEDIUM,Development,0,166,LOW
6,155,1,ADMIN,Development,0,499,MEDIUM
93,338,1,MEDIUM,Development,0,890,LOW
80,181,1,HIGH,Production,0,261,MEDIUM
37,159,4,HIGH,Production,0,378,HIGH
6,277,5,LOW,Production,0,518,HIGH
78,240,7,HIGH,Testing,0,236,MEDIUM
2,275,0,HIGH,Testing,0,771,HIGH
11,318,5,MEDIUM,Production,0,942,HIGH
30,72,0,HIGH,Production,0,509,HIGH
60,357,6,LOW,Development,0,765,LOW
143,144,0,ADMIN,Production,0,459,MEDIUM
160,331,1,LOW,Production,0,199,LOW
44,11,0,ADMIN,Testing,0,133,LOW
26,76,4,LOW,Production,0,288,MEDIUM
175,68,0,LOW,Testing,0,248,LOW
78,33,2,LOW,Production,0,530,MEDIUM
29,16,0,MEDIUM,Production,0,416,MEDIUM
10,76,0,LOW,Production,0,653,MEDIUM
22,360,0,HIGH,Production,0,903,HIGH
22,233,1,HIGH,Production,0,325,HIGH
2,44,0,HIGH,Production,0,761,HIGH
29,341,6,LOW,Staging,0,942,MEDIUM
37,80,3,ADMIN,Production,0,115,HIGH
45,319,3,MEDIUM,Staging,0,31,MEDIUM
42,159,6,HIGH,Production,0,190,HIGH
172,47,3,MEDIUM,Testing,0,434,LOW
101,80,1,LOW,Production,0,695,LOW
27,263,0,MEDIUM,Development,0,295,LOW
141,29,0,MEDIUM,Production,0,221,MEDIUM
31,90,0,HIGH,Production,0,240,MEDIUM
20,236,6,HIGH,Production,1,594,HIGH
3,167,1,MEDIUM,Production,2,476,HIGH
46,269,0,ADMIN,Production,1,768,HIGH
71,100,5,MEDIUM,Staging,0,749,MEDIUM
5,309,1,HIGH,Testing,0,82,HIGH
26,290,3,HIGH,Development,3,335,HIGH
61,141,2,HIGH,Testing,0,80,MEDIUM
173,47,3,MEDIUM,Staging,0,478,MEDIUM
89,165,3,ADMIN,Production,0,68,HIGH
2,363,2,HIGH,Production,0,540,HIGH
80,27,4,MEDIUM,Production,0,72,MEDIUM
175,309,5,MEDIUM,Staging,0,601,MEDIUM
12,193,3,ADMIN,Production,0,135,HIGH
73,10,1,HIGH,Production,0,224,MEDIUM
12,52,2,HIGH,Staging,0,761,HIGH
5,355,4,LOW,Testing,1,174,MEDIUM
70,230,1,LOW,Production,0,833,LOW
29,145,4,ADMIN,Production,0,433,HIGH
16,191,2,HIGH,Testing,0,871,MEDIUM
5,224,0,LOW,Production,1,841,HIGH
9,198,8,MEDIUM,Production,0,33,HIGH
12,242,3,LOW,Staging,0,727,MEDIUM
44,312,2,HIGH,Production,0,300,HIGH
28,57,4,LOW,Staging,0,553,MEDIUM
58,124,2,MEDIUM,Development,0,689,LOW
1,199,8,ADMIN,Development,0,21,HIGH
4,181,2,LOW,Staging,1,184,MEDIUM
3,235,0,HIGH,Production,0,815,HIGH
2,332,1,LOW,Development,0,804,MEDIUM
58,198,1,HIGH,Development,0,713,LOW
3,309,8,ADMIN,Production,0,305,HIGH
59,86,3,LOW,Staging,0,48,LOW
3,327,2,ADMIN,Production,0,772,HIGH
7,331,1,ADMIN,Production,0,585,HIGH
59,272,1,LOW,Development,0,290,LOW
140,61,1,LOW,Staging,0,461,LOW
108,232,1,HIGH,Staging,0,94,MEDIUM
35,154,5,ADMIN,Production,0,722,HIGH
5,253,0,HIGH,Production,0,382,HIGH
141,246,2,ADMIN,Production,0,848,HIGH
60,66,5,LOW,Production,0,660,MEDIUM
89,266,1,HIGH,Production,0,335,MEDIUM
47,283,1,LOW,Testing,0,634,LOW
73,310,1,MEDIUM,Production,2,47,HIGH
28,328,0,LOW,Production,1,563,MEDIUM
29,353,0,ADMIN,Staging,0,500,MEDIUM
135,67,4,MEDIUM,Production,0,113,HIGH
2,197,5,MEDIUM,Staging,0,891,HIGH
14,264,2,HIGH,Testing,1,514,HIGH
15,26,1,ADMIN,Development,0,868,MEDIUM
108,188,4,MEDIUM,Production,0,415,MEDIUM
10,282,1,MEDIUM,Development,3,701,HIGH
81,188,4,LOW,Production,0,526,MEDIUM
52,77,3,LOW,Production,0,340,MEDIUM
52,273,2,MEDIUM,Testing,0,491,LOW
68,353,3,MEDIUM,Production,0,276,MEDIUM
5,323,3,HIGH,Testing,0,394,HIGH
14,78,2,HIGH,Development,0,518,MEDIUM
4,167,8,ADMIN,Production,0,390,HIGH
53,349,3,LOW,Staging,0,629,LOW
50,354,3,ADMIN,Production,0,362,HIGH
38,195,5,ADMIN,Production,0,358,HIGH
17,227,3,HIGH,Testing,0,224,MEDIUM
37,123,1,MEDIUM,Staging,0,548,LOW
1,71,0,LOW,Staging,0,166,MEDIUM
28,331,0,ADMIN,Production,0,672,HIGH
113,19,8,MEDIUM,Production,0,512,MEDIUM
50,172,1,HIGH,Development,3,561,HIGH
16,235,3,ADMIN,Production,0,19,HIGH
172,219,2,HIGH,Production,0,690,HIGH
15,229,4,ADMIN,Development,2,314,HIGH
46,239,1,MEDIUM,Production,0,519,MEDIUM
28,114,1,ADMIN,Testing,0,161,MEDIUM
66,341,4,ADMIN,Production,0,701,HIGH
1,289,0,ADMIN,Production,1,929,HIGH
18,349,1,MEDIUM,Production,0,98,MEDIUM
12,30,2,MEDIUM,Testing,0,320,MEDIUM
26,359,0,MEDIUM,Production,3,920,HIGH
42,331,7,ADMIN,Development,0,917,MEDIUM
175,69,3,ADMIN,Staging,0,187,MEDIUM
93,238,3,MEDIUM,Testing,0,549,LOW
115,58,0,LOW,Staging,0,634,LOW
35,229,2,ADMIN,Production,0,54,HIGH
5,149,1,LOW,Staging,1,594,MEDIUM
109,267,1,MEDIUM,Staging,0,67,LOW
74,25,7,MEDIUM,Production,2,692,HIGH
21,276,2,MEDIUM,Staging,1,312,HIGH
57,69,1,LOW,Testing,0,343,LOW
2,194,3,ADMIN,Production,0,899,HIGH
23,8,1,HIGH,Development,0,764,MEDIUM
30,123,2,ADMIN,Development,0,394,MEDIUM
19,241,4,HIGH,Production,0,213,HIGH
32,300,2,MEDIUM,Staging,0,161,MEDIUM
174,173,1,LOW,Development,1,745,LOW
13,278,8,MEDIUM,Production,2,541,HIGH
57,119,0,HIGH,Development,0,228,LOW
3,283,2,MEDIUM,Production,0,744,HIGH
37,124,1,ADMIN,Staging,0,839,MEDIUM
6,357,1,HIGH,Staging,0,873,HIGH
10,244,0,ADMIN,Development,0,180,MEDIUM
103,22,1,HIGH,Development,1,713,MEDIUM
126,289,3,MEDIUM,Testing,0,875,LOW
141,154,1,ADMIN,Staging,0,859,MEDIUM
79,353,3,HIGH,Production,0,359,HIGH
169,204,7,MEDIUM,Development,0,654,LOW
19,349,2,ADMIN,Staging,0,795,HIGH
10,325,1,HIGH,Production,0,374,HIGH
2,45,1,LOW,Development,0,573,MEDIUM
36,167,5,LOW,Production,0,428,MEDIUM
64,87,0,LOW,Staging,0,509,LOW
17,127,3,LOW,Development,0,636,LOW
20,169,2,LOW,Development,0,848,LOW
6,161,1,ADMIN,Testing,0,331,MEDIUM
55,202,1,HIGH,Staging,2,209,HIGH
22,150,4,MEDIUM,Production,0,873,HIGH
5,79,3,MEDIUM,Production,0,80,HIGH
25,19,4,MEDIUM,Production,0,921,HIGH
15,332,3,MEDIUM,Production,0,665,HIGH
7,262,3,MEDIUM,Production,0,709,HIGH
68,177,8,MEDIUM,Production,0,307,MEDIUM
19,106,2,ADMIN,Production,0,104,HIGH
2,176,3,HIGH,Production,0,173,HIGH
41,237,1,HIGH,Testing,0,193,MEDIUM
27,220,1,HIGH,Development,0,215,MEDIUM
25,235,0,HIGH,Staging,0,506,MEDIUM
3,181,4,HIGH,Production,0,838,HIGH
3,157,0,HIGH,Production,0,149,HIGH
42,356,5,MEDIUM,Production,2,182,HIGH
84,184,6,MEDIUM,Production,0,204,MEDIUM
21,228,2,ADMIN,Production,0,36,HIGH
6,235,2,LOW,Production,0,512,HIGH
83,22,4,LOW,Production,0,228,MEDIUM
17,179,5,LOW,Testing,0,891,MEDIUM
135,313,3,HIGH,Testing,0,147,MEDIUM
48,166,7,HIGH,Production,0,591,HIGH
143,142,5,ADMIN,Staging,0,891,MEDIUM
5,324,1,LOW,Development,0,467,LOW
78,189,2,HIGH,Development,0,600,MEDIUM
71,33,4,HIGH,Development,0,444,MEDIUM
6,249,4,MEDIUM,Production,1,785,HIGH
11,1,8,LOW,Development,0,710,LOW
16,43,1,ADMIN,Testing,1,174,MEDIUM
72,1,1,HIGH,Development,0,612,LOW
106,217,3,HIGH,Staging,0,239,MEDIUM
4,69,3,HIGH,Staging,0,75,HIGH
53,78,5,LOW,Production,0,458,MEDIUM
11,220,1,LOW,Testing,0,288,LOW
175,106,2,LOW,Production,0,770,MEDIUM
20,305,0,HIGH,Staging,1,17,HIGH
57,89,4,ADMIN,Testing,2,793,HIGH
98,204,2,MEDIUM,Development,0,518,LOW
65,143,0,MEDIUM,Production,0,948,MEDIUM
68,333,3,HIGH,Staging,0,720,MEDIUM
1,314,3,ADMIN,Production,0,764,HIGH
30,178,2,LOW,Production,0,743,MEDIUM
11,220,1,MEDIUM,Staging,0,734,MEDIUM
24,291,1,HIGH,Testing,0,796,MEDIUM
3,7,1,MEDIUM,Development,0,397,MEDIUM
15,164,1,LOW,Testing,0,386,LOW
157,206,0,HIGH,Development,0,294,LOW
8,156,3,MEDIUM,Production,0,382,HIGH
1,278,1,MEDIUM,Production,1,903,HIGH
37,122,2,MEDIUM,Development,2,150,MEDIUM
30,44,2,LOW,Production,0,657,MEDIUM
4,134,5,LOW,Production,2,407,HIGH
100,70,4,HIGH,Production,0,164,HIGH
136,107,2,MEDIUM,Development,0,877,LOW
3,168,0,LOW,Development,0,369,MEDIUM
142,285,3,LOW,Staging,0,478,LOW
4,206,1,HIGH,Development,0,665,MEDIUM
10,66,0,MEDIUM,Development,1,833,MEDIUM
13,203,2,LOW,Staging,0,441,MEDIUM
1,318,3,LOW,Development,0,515,MEDIUM
16,330,5,MEDIUM,Production,0,650,HIGH
53,249,1,MEDIUM,Testing,0,334,LOW
2,242,2,LOW,Staging,0,243,MEDIUM
65,113,2,LOW,Testing,3,402,MEDIUM
68,358,1,HIGH,Staging,0,725,MEDIUM
43,90,2,ADMIN,Production,0,243,HIGH
4,67,1,LOW,Production,0,826,MEDIUM
76,270,5,MEDIUM,Production,2,387,HIGH
4,81,3,HIGH,Production,0,659,HIGH
73,194,1,HIGH,Testing,0,135,MEDIUM
33,314,1,LOW,Development,0,513,LOW
172,46,4,HIGH,Development,0,751,MEDIUM
15,56,3,MEDIUM,Testing,0,453,MEDIUM
20,246,4,ADMIN,Production,0,781,HIGH
4,54,0,LOW,Production,0,389,MEDIUM
70,221,6,LOW,Development,0,916,LOW
57,277,1,LOW,Production,0,248,LOW
3,45,1,MEDIUM,Development,0,619,MEDIUM
28,60,1,LOW,Production,0,505,MEDIUM
13,229,0,MEDIUM,Testing,0,274,MEDIUM
1,177,4,MEDIUM,Staging,0,779,HIGH
74,121,2,MEDIUM,Production,0,929,MEDIUM
5,86,7,LOW,Testing,1,134,MEDIUM
7,305,1,LOW,Development,1,941,MEDIUM
51,7,4,LOW,Production,0,540,MEDIUM
68,52,6,LOW,Production,0,108,MEDIUM
16,312,2,ADMIN,Production,0,417,HIGH
56,26,3,HIGH,Development,2,923,MEDIUM
153,351,0,MEDIUM,Staging,1,142,MEDIUM
2,227,1,HIGH,Staging,1,763,HIGH
2,364,2,MEDIUM,Production,0,876,HIGH
5,234,0,MEDIUM,Production,0,208,HIGH
90,124,1,HIGH,Staging,0,186,MEDIUM
41,353,0,MEDIUM,Testing,0,55,LOW
5,334,2,MEDIUM,Development,0,804,MEDIUM
42,115,1,HIGH,Testing,1,317,MEDIUM
20,112,2,HIGH,Production,0,849,HIGH
72,153,3,MEDIUM,Production,0,349,MEDIUM
28,77,2,HIGH,Testing,0,63,MEDIUM
7,14,3,HIGH,Production,3,270,HIGH
76,176,3,MEDIUM,Testing,0,552,LOW
50,286,1,MEDIUM,Production,0,136,MEDIUM
88,114,1,HIGH,Production,0,319,MEDIUM
150,241,0,ADMIN,Production,0,599,MEDIUM
29,28,5,LOW,Testing,0,210,MEDIUM
86,250,1,ADMIN,Staging,3,325,HIGH
13,46,0,LOW,Production,0,444,MEDIUM
65,8,5,ADMIN,Production,0,548,HIGH
15,53,1,HIGH,Development,0,176,MEDIUM
24,352,8,LOW,Development,0,928,LOW
45,68,1,HIGH,Production,0,521,MEDIUM
4,274,3,MEDIUM,Development,0,54,MEDIUM
30,64,2,HIGH,Production,0,161,HIGH
73,139,3,HIGH,Staging,0,433,MEDIUM
17,312,1,LOW,Production,0,540,MEDIUM
13,107,3,MEDIUM,Testing,0,245,MEDIUM
1,52,5,HIGH,Development,0,472,HIGH
113,149,1,MEDIUM,Testing,0,441,LOW
4,184,5,LOW,Production,2,279,HIGH
142,140,4,LOW,Testing,0,494,LOW
98,82,0,HIGH,Production,1,499,HIGH
94,67,2,HIGH,Production,0,913,HIGH
76,296,3,LOW,Production,0,690,MEDIUM
21,340,3,MEDIUM,Testing,0,864,MEDIUM
72,241,5,ADMIN,Production,1,81,HIGH
63,194,2,MEDIUM,Production,0,475,MEDIUM
106,335,0,MEDIUM,Production,0,41,MEDIUM
66,234,6,LOW,Production,0,60,MEDIUM
73,59,0,HIGH,Production,0,7,MEDIUM
96,253,0,HIGH,Staging,0,743,MEDIUM
5,98,3,MEDIUM,Production,0,429,HIGH
60,259,0,HIGH,Development,0,548,LOW
80,89,3,MEDIUM,Production,0,401,MEDIUM
69,141,1,HIGH,Production,0,306,MEDIUM
66,284,3,LOW,Production,0,644,MEDIUM
72,356,3,HIGH,Production,0,784,HIGH
29,217,4,MEDIUM,Staging,0,30,MEDIUM
111,350,1,LOW,Staging,1,712,LOW
3,346,3,LOW,Production,1,765,HIGH
97,199,2,MEDIUM,Production,0,706,MEDIUM
70,325,3,MEDIUM,Staging,0,778,MEDIUM
113,39,1,HIGH,Production,0,531,MEDIUM
41,3,1,LOW,Development,0,163,LOW
28,294,2,ADMIN,Development,0,729,MEDIUM
41,207,0,LOW,Staging,0,223,LOW
151,333,0,MEDIUM,Production,0,461,MEDIUM
9,59,1,HIGH,Staging,0,294,MEDIUM
128,99,1,MEDIUM,Development,0,103,LOW
35,110,5,ADMIN,Development,0,111,MEDIUM
83,79,0,HIGH,Staging,0,43,MEDIUM
120,209,1,LOW,Development,0,448,LOW
1,300,0,MEDIUM,Staging,1,371,HIGH
36,225,1,LOW,Testing,1,36,LOW
7,347,5,MEDIUM,Production,2,892,HIGH
33,202,2,MEDIUM,Production,2,317,HIGH
173,73,1,HIGH,Staging,0,859,MEDIUM
60,149,3,LOW,Staging,0,207,LOW
6,146,3,MEDIUM,Production,1,330,HIGH
68,187,4,MEDIUM,Production,2,177,HIGH
7,170,5,LOW,Development,0,372,MEDIUM
69,72,5,MEDIUM,Production,0,756,MEDIUM
71,297,2,LOW,Testing,0,933,LOW
28,115,5,MEDIUM,Development,0,882,MEDIUM
3,123,4,MEDIUM,Staging,1,633,HIGH
163,338,5,HIGH,Production,0,754,HIGH
15,22,3,MEDIUM,Production,0,815,HIGH
2,267,3,MEDIUM,Staging,0,764,HIGH
55,40,2,MEDIUM,Staging,0,934,MEDIUM
2,72,2,MEDIUM,Staging,0,531,HIGH
69,213,4,LOW,Production,0,498,MEDIUM
3,23,0,MEDIUM,Production,0,142,HIGH
124,265,6,LOW,Production,0,582,MEDIUM
44,242,5,ADMIN,Production,0,855,HIGH
5,352,1,LOW,Production,0,609,MEDIUM
157,259,3,MEDIUM,Development,1,625,MEDIUM
3,338,0,MEDIUM,Development,0,852,MEDIUM
138,358,2,ADMIN,Development,0,826,MEDIUM
21,120,5,HIGH,Production,0,617,HIGH
78,61,2,MEDIUM,Testing,0,215,LOW
58,134,5,MEDIUM,Production,0,379,MEDIUM
21,190,2,ADMIN,Production,0,319,HIGH
29,359,6,HIGH,Production,0,525,HIGH
3,47,4,MEDIUM,Production,0,619,HIGH
69,206,3,LOW,Production,0,733,MEDIUM
116,266,1,LOW,Testing,0,618,LOW
5,1,7,HIGH,Production,0,287,HIGH
2,361,0,MEDIUM,Production,0,296,HIGH
6,100,2,MEDIUM,Production,0,9,HIGH
134,263,6,MEDIUM,Staging,1,837,MEDIUM
61,235,3,MEDIUM,Production,1,887,HIGH
81,118,4,LOW,Development,0,366,LOW
36,176,0,LOW,Production,2,492,MEDIUM
178,98,2,LOW,Staging,0,758,LOW
15,55,0,MEDIUM,Staging,0,684,MEDIUM
23,295,5,LOW,Production,0,787,HIGH
9,277,0,MEDIUM,Testing,0,886,LOW
1,108,1,LOW,Production,0,375,HIGH
151,176,1,MEDIUM,Production,0,220,MEDIUM
59,295,3,HIGH,Production,1,743,HIGH
14,5,1,LOW,Staging,0,919,LOW
50,291,0,MEDIUM,Production,0,172,MEDIUM
4,185,2,HIGH,Development,2,268,HIGH
67,90,7,MEDIUM,Staging,0,337,MEDIUM
10,324,6,MEDIUM,Production,1,660,HIGH
10,161,1,MEDIUM,Production,0,278,MEDIUM
26,95,5,MEDIUM,Production,0,245,HIGH
3,33,6,ADMIN,Production,0,60,HIGH
1,200,1,MEDIUM,Development,0,295,MEDIUM
8,167,5,LOW,Production,0,896,MEDIUM
65,234,3,MEDIUM,Production,0,582,MEDIUM
6,46,2,HIGH,Production,0,271,HIGH
49,353,6,LOW,Development,2,493,MEDIUM
5,288,2,HIGH,Staging,0,737,HIGH
36,265,4,MEDIUM,Production,1,831,HIGH
6,149,0,MEDIUM,Production,0,468,HIGH
97,12,1,HIGH,Staging,0,280,MEDIUM
10,176,2,MEDIUM,Development,0,515,MEDIUM
1,201,0,MEDIUM,Testing,0,201,MEDIUM
11,227,1,MEDIUM,Testing,3,208,HIGH
178,166,1,HIGH,Production,0,767,MEDIUM
28,27,5,MEDIUM,Testing,0,120,MEDIUM
16,125,0,MEDIUM,Staging,0,807,MEDIUM
10,352,3,HIGH,Production,2,782,HIGH
5,120,1,LOW,Production,0,665,MEDIUM
8,69,1,HIGH,Production,0,728,HIGH
67,166,3,MEDIUM,Production,0,856,MEDIUM
24,135,2,ADMIN,Production,0,799,HIGH
85,123,1,MEDIUM,Production,0,556,MEDIUM
25,210,3,LOW,Production,0,540,MEDIUM
9,51,0,LOW,Production,0,402,MEDIUM
54,37,0,MEDIUM,Production,2,676,HIGH
34,213,4,ADMIN,Production,0,64,HIGH
118,50,0,MEDIUM,Production,0,399,MEDIUM
25,55,4,MEDIUM,Development,0,695,MEDIUM
66,337,1,HIGH,Production,3,458,HIGH
19,166,3,ADMIN,Testing,0,224,MEDIUM
148,1,3,MEDIUM,Staging,3,615,HIGH
118,12,4,LOW,Development,2,847,MEDIUM
11,71,1,MEDIUM,Staging,1,260,MEDIUM
89,167,4,HIGH,Staging,0,850,MEDIUM
9,29,6,HIGH,Testing,0,905,HIGH
168,325,4,MEDIUM,Production,0,317,MEDIUM
5,26,3,MEDIUM,Production,3,461,HIGH
5,173,0,MEDIUM,Production,0,55,HIGH
30,102,2,MEDIUM,Production,0,205,HIGH
35,166,3,ADMIN,Production,0,120,HIGH
53,157,1,MEDIUM,Production,0,846,MEDIUM
7,192,1,MEDIUM,Testing,0,92,MEDIUM
31,57,1,LOW,Development,0,344,LOW
61,73,3,MEDIUM,Staging,0,390,MEDIUM
6,357,3,HIGH,Production,0,675,HIGH
29,56,0,LOW,Testing,1,669,LOW
62,96,1,ADMIN,Staging,2,579,HIGH
62,10,1,LOW,Testing,0,645,LOW
123,16,6,ADMIN,Staging,2,235,HIGH
77,348,3,ADMIN,Development,0,237,MEDIUM
52,106,3,MEDIUM,Production,0,705,MEDIUM
89,290,5,ADMIN,Production,0,575,HIGH
77,212,7,HIGH,Production,0,768,HIGH
3,95,0,ADMIN,Testing,3,636,HIGH
15,353,4,MEDIUM,Staging,0,871,MEDIUM
5,99,1,HIGH,Production,0,20,HIGH
113,225,5,ADMIN,Testing,0,337,MEDIUM
69,202,3,ADMIN,Testing,0,613,MEDIUM
24,22,5,HIGH,Production,0,555,HIGH
171,98,1,HIGH,Staging,0,316,MEDIUM
70,73,2,MEDIUM,Production,0,97,MEDIUM
20,92,2,LOW,Production,1,922,HIGH
72,64,0,MEDIUM,Staging,0,654,LOW
2,88,5,MEDIUM,Staging,0,680,HIGH
30,229,1,LOW,Testing,0,925,LOW
154,279,4,LOW,Development,0,510,LOW
59,4,1,MEDIUM,Staging,0,639,LOW
40,19,0,HIGH,Production,0,596,MEDIUM
4,146,3,MEDIUM,Production,0,614,HIGH
9,195,4,MEDIUM,Production,0,868,HIGH
30,212,2,MEDIUM,Production,0,631,HIGH
77,362,1,MEDIUM,Development,0,329,LOW
12,324,2,MEDIUM,Staging,1,909,HIGH
32,61,3,HIGH,Production,0,635,HIGH
6,328,1,MEDIUM,Testing,0,814,MEDIUM
8,203,3,MEDIUM,Development,0,34,MEDIUM
82,247,1,LOW,Production,0,890,LOW
50,162,2,MEDIUM,Production,0,596,MEDIUM
12,193,3,HIGH,Production,1,589,HIGH
85,140,2,LOW,Production,0,248,MEDIUM
2,20,4,HIGH,Staging,1,459,HIGH
52,269,1,HIGH,Production,0,792,MEDIUM
14,268,0,HIGH,Testing,0,50,MEDIUM
1,338,3,MEDIUM,Production,0,781,HIGH
49,226,3,ADMIN,Staging,0,166,MEDIUM
65,139,0,LOW,Staging,0,295,LOW
6,242,5,LOW,Production,0,397,HIGH
27,102,3,MEDIUM,Development,0,551,MEDIUM
10,234,1,ADMIN,Development,0,789,MEDIUM
27,359,5,LOW,Production,0,886,MEDIUM
23,88,1,MEDIUM,Testing,0,593,MEDIUM
3,155,2,LOW,Development,0,428,MEDIUM
7,356,2,LOW,Staging,0,450,MEDIUM
3,365,2,MEDIUM,Production,0,611,HIGH
1,56,3,MEDIUM,Production,0,844,HIGH
108,326,4,MEDIUM,Staging,0,681,MEDIUM
178,154,2,MEDIUM,Development,1,316,LOW
68,262,2,ADMIN,Testing,0,306,MEDIUM
1,145,5,ADMIN,Development,0,724,HIGH
55,340,1,HIGH,Production,0,573,MEDIUM
5,6,0,ADMIN,Staging,0,743,HIGH
144,357,3,HIGH,Testing,0,189,MEDIUM
19,4,2,MEDIUM,Production,1,247,HIGH
9,189,0,MEDIUM,Production,0,712,MEDIUM
64,313,0,HIGH,Development,0,764,LOW
34,6,2,HIGH,Production,0,485,HIGH
41,306,3,MEDIUM,Production,0,582,MEDIUM
175,320,0,HIGH,Staging,0,134,MEDIUM
12,132,0,ADMIN,Production,0,183,HIGH
7,359,1,HIGH,Testing,0,545,MEDIUM
90,212,4,MEDIUM,Testing,0,455,MEDIUM
72,60,0,LOW,Production,0,492,LOW
20,75,2,HIGH,Staging,0,300,HIGH
3,273,3,MEDIUM,Testing,2,447,HIGH
6,300,1,HIGH,Production,0,772,HIGH
29,6,3,HIGH,Staging,1,17,HIGH
7,18,0,MEDIUM,Production,0,613,HIGH
102,67,1,HIGH,Production,0,668,MEDIUM
49,39,3,ADMIN,Production,2,288,HIGH
16,32,1,HIGH,Production,0,66,HIGH
62,92,3,HIGH,Staging,0,558,MEDIUM
3,38,0,LOW,Production,0,800,HIGH
4,359,1,ADMIN,Production,0,8,HIGH
56,2,1,ADMIN,Production,0,803,MEDIUM
2,332,0,MEDIUM,Production,0,353,HIGH
96,339,1,MEDIUM,Development,0,922,LOW
4,99,0,HIGH,Development,3,249,HIGH
148,9,0,LOW,Production,0,811,LOW
7,297,1,MEDIUM,Production,0,758,HIGH
4,89,3,HIGH,Development,1,845,HIGH
38,316,1,MEDIUM,Production,1,441,MEDIUM
38,71,1,HIGH,Staging,2,223,HIGH
48,87,3,MEDIUM,Production,0,454,MEDIUM
70,9,5,MEDIUM,Staging,0,12,MEDIUM
75,106,0,LOW,Development,0,466,LOW
42,46,3,ADMIN,Production,0,361,MEDIUM
24,277,2,MEDIUM,Production,0,646,HIGH
12,82,3,MEDIUM,Production,0,665,HIGH
2,27,6,LOW,Staging,0,809,HIGH
22,102,3,MEDIUM,Development,1,240,MEDIUM
21,113,0,MEDIUM,Production,0,60,MEDIUM
7,100,3,LOW,Testing,2,212,HIGH
105,235,2,LOW,Staging,0,230,LOW
3,268,2,HIGH,Testing,3,610,HIGH
15,114,5,MEDIUM,Production,0,157,HIGH
2,272,1,ADMIN,Testing,1,718,HIGH
79,209,6,MEDIUM,Production,0,307,MEDIUM
50,293,3,ADMIN,Staging,0,470,MEDIUM
81,361,3,LOW,Production,1,77,MEDIUM
58,314,2,HIGH,Staging,0,811,MEDIUM
24,27,0,HIGH,Production,0,638,HIGH
4,172,1,MEDIUM,Development,0,494,MEDIUM
136,258,3,HIGH,Production,0,69,HIGH
76,273,5,MEDIUM,Staging,0,381,MEDIUM
22,92,1,ADMIN,Production,2,116,HIGH
86,322,0,LOW,Development,0,703,LOW
2,97,0,LOW,Production,1,242,HIGH
52,168,2,MEDIUM,Production,0,547,MEDIUM
5,191,7,MEDIUM,Production,0,53,HIGH
5,90,4,MEDIUM,Development,0,687,MEDIUM
18,190,1,LOW,Production,0,40,MEDIUM
65,63,6,ADMIN,Production,0,516,HIGH
160,170,3,ADMIN,Production,0,922,HIGH
26,58,3,ADMIN,Staging,1,147,HIGH
27,48,1,LOW,Production,0,204,MEDIUM
36,347,3,LOW,Production,0,529,MEDIUM
4,219,1,MEDIUM,Staging,0,296,MEDIUM
77,213,4,MEDIUM,Staging,0,830,MEDIUM
84,74,1,ADMIN,Production,0,893,MEDIUM
31,140,2,MEDIUM,Production,0,732,MEDIUM
20,155,4,ADMIN,Production,0,577,HIGH
50,242,0,LOW,Production,0,299,LOW
8,35,2,MEDIUM,Production,0,497,HIGH
30,295,0,ADMIN,Production,0,600,HIGH
19,215,3,MEDIUM,Development,2,54,HIGH
42,86,2,MEDIUM,Staging,1,851,MEDIUM
11,74,0,HIGH,Production,0,386,HIGH
4,97,4,MEDIUM,Production,0,711,HIGH
3,68,6,MEDIUM,Production,0,324,HIGH
2,61,1,LOW,Production,1,150,HIGH
58,58,0,MEDIUM,Production,0,780,MEDIUM
1,155,3,LOW,Production,0,806,HIGH
3,75,4,HIGH,Development,2,598,HIGH
3,297,4,LOW,Staging,0,737,HIGH
118,363,2,MEDIUM,Development,0,194,LOW
58,209,0,ADMIN,Production,3,131,HIGH
49,43,1,MEDIUM,Production,0,295,MEDIUM
15,220,1,HIGH,Production,0,866,HIGH
74,203,2,ADMIN,Production,0,92,HIGH
137,174,1,MEDIUM,Development,1,418,LOW
79,330,6,HIGH,Development,0,687,MEDIUM
2,129,2,MEDIUM,Production,0,142,HIGH
29,348,1,HIGH,Development,0,643,MEDIUM
43,252,2,LOW,Development,0,833,LOW
11,193,2,MEDIUM,Testing,0,186,MEDIUM
23,200,2,ADMIN,Production,0,696,HIGH
66,201,1,MEDIUM,Production,0,391,MEDIUM
2,188,1,MEDIUM,Production,0,32,HIGH
21,29,3,HIGH,Production,0,668,HIGH
4,276,1,LOW,Staging,0,889,MEDIUM
75,163,1,MEDIUM,Production,0,591,MEDIUM
62,342,1,MEDIUM,Development,0,377,LOW
4,153,8,LOW,Testing,0,236,MEDIUM
3,272,2,ADMIN,Production,0,819,HIGH
21,213,2,HIGH,Development,0,469,MEDIUM
62,240,1,MEDIUM,Production,0,833,MEDIUM
24,124,1,HIGH,Production,0,312,HIGH
48,132,3,MEDIUM,Production,0,249,MEDIUM
162,217,3,LOW,Development,0,168,LOW
96,249,4,LOW,Staging,0,923,LOW
175,204,6,HIGH,Development,0,148,MEDIUM
165,269,1,MEDIUM,Staging,1,248,MEDIUM
78,121,6,HIGH,Production,0,114,HIGH
2,274,1,ADMIN,Development,2,329,HIGH
54,158,0,MEDIUM,Production,2,625,HIGH
16,359,1,HIGH,Development,1,129,MEDIUM
141,131,1,LOW,Production,2,779,MEDIUM
28,18,1,LOW,Staging,0,803,LOW
58,358,1,MEDIUM,Testing,0,435,LOW
75,329,3,HIGH,Production,0,815,HIGH
1,128,2,LOW,Production,2,855,HIGH
152,69,1,LOW,Production,0,851,LOW
141,293,1,MEDIUM,Staging,2,950,MEDIUM
43,87,0,HIGH,Production,0,619,MEDIUM
38,223,4,LOW,Staging,2,852,MEDIUM
14,254,1,LOW,Production,0,216,MEDIUM
42,15,1,ADMIN,Production,0,637,MEDIUM
7,166,7,LOW,Production,0,222,HIGH
3,171,6,HIGH,Production,0,367,HIGH
47,155,7,ADMIN,Testing,0,140,MEDIUM
16,174,5,MEDIUM,Testing,0,329,MEDIUM
18,144,3,MEDIUM,Production,2,294,HIGH
21,252,4,MEDIUM,Testing,0,878,MEDIUM
4,19,2,HIGH,Testing,0,483,HIGH
22,253,0,ADMIN,Production,0,156,HIGH
78,289,5,LOW,Development,0,602,LOW
5,256,3,LOW,Testing,1,31,MEDIUM
68,79,0,ADMIN,Staging,0,729,MEDIUM
33,232,1,MEDIUM,Production,0,756,MEDIUM
9,29,3,HIGH,Testing,0,621,MEDIUM
93,84,1,MEDIUM,Staging,0,667,LOW
82,159,5,HIGH,Production,0,372,HIGH
23,289,3,HIGH,Production,0,437,HIGH
10,238,3,HIGH,Production,0,735,HIGH
3,245,1,MEDIUM,Development,3,705,HIGH
67,24,2,HIGH,Testing,0,427,MEDIUM
3,258,0,HIGH,Development,0,478,HIGH
10,233,4,LOW,Development,0,832,LOW
5,345,0,ADMIN,Staging,0,10,HIGH
142,309,3,LOW,Staging,0,837,LOW
7,98,0,MEDIUM,Testing,0,197,MEDIUM
46,276,1,LOW,Testing,0,479,LOW
12,249,2,MEDIUM,Development,1,604,MEDIUM
31,222,7,MEDIUM,Staging,1,759,MEDIUM
56,314,6,HIGH,Production,1,893,HIGH
67,138,5,HIGH,Production,0,489,HIGH
3,148,3,HIGH,Development,0,453,HIGH
27,151,3,LOW,Staging,0,431,MEDIUM
82,145,3,HIGH,Production,0,499,HIGH
144,253,1,LOW,Development,0,53,LOW
41,258,0,MEDIUM,Testing,0,445,LOW
47,24,4,LOW,Development,0,922,LOW
34,57,7,HIGH,Development,0,629,MEDIUM
37,106,5,ADMIN,Production,0,304,HIGH
12,71,0,HIGH,Production,0,430,HIGH
2,191,3,LOW,Production,0,649,HIGH
15,210,5,LOW,Production,2,533,HIGH
80,265,6,MEDIUM,Production,0,327,HIGH
79,329,1,HIGH,Production,0,651,MEDIUM
56,156,3,HIGH,Testing,0,357,MEDIUM
56,279,3,MEDIUM,Development,0,457,LOW
3,276,1,ADMIN,Production,0,762,HIGH
36,267,1,MEDIUM,Testing,0,28,LOW
84,259,0,HIGH,Development,0,386,LOW
28,3,2,MEDIUM,Staging,3,829,HIGH
50,294,3,MEDIUM,Production,0,537,MEDIUM
5,218,4,LOW,Production,0,68,HIGH
54,302,2,LOW,Production,0,897,MEDIUM
90,214,4,MEDIUM,Staging,0,135,MEDIUM
30,81,6,MEDIUM,Production,0,126,HIGH
49,61,1,MEDIUM,Production,3,315,HIGH
97,157,5,LOW,Staging,0,843,LOW
10,294,1,LOW,Production,0,350,MEDIUM
12,231,3,MEDIUM,Production,0,750,HIGH
20,24,6,HIGH,Staging,1,758,HIGH
71,64,3,LOW,Staging,0,638,LOW
5,273,1,HIGH,Production,0,810,HIGH
82,206,2,HIGH,Staging,0,28,MEDIUM
1,51,2,LOW,Staging,0,192,MEDIUM
41,167,1,LOW,Staging,0,310,LOW
2,123,4,MEDIUM,Staging,0,509,HIGH
51,34,2,MEDIUM,Production,0,244,MEDIUM
79,65,1,LOW,Testing,0,90,LOW
41,217,7,MEDIUM,Production,0,47,MEDIUM
3,247,1,MEDIUM,Development,0,701,MEDIUM
26,83,3,MEDIUM,Staging,0,312,MEDIUM
44,163,5,HIGH,Development,2,655,HIGH
15,236,6,HIGH,Staging,0,940,HIGH
88,212,2,HIGH,Production,0,505,HIGH
25,64,1,MEDIUM,Production,1,852,HIGH
138,228,0,MEDIUM,Production,0,781,MEDIUM
83,114,1,ADMIN,Staging,0,376,MEDIUM
8,143,2,MEDIUM,Development,0,570,MEDIUM
68,66,1,HIGH,Development,0,238,LOW
32,315,1,HIGH,Testing,0,469,MEDIUM
18,349,2,MEDIUM,Development,0,534,MEDIUM
89,162,0,ADMIN,Production,0,88,MEDIUM
100,101,1,HIGH,Testing,0,646,LOW
171,129,1,LOW,Production,0,353,LOW
80,49,3,HIGH,Production,0,92,HIGH
2,227,0,ADMIN,Testing,0,447,HIGH
17,317,4,HIGH,Development,0,618,MEDIUM
145,318,0,HIGH,Production,0,696,MEDIUM
37,35,2,MEDIUM,Production,1,931,HIGH
21,125,0,HIGH,Production,0,135,HIGH
68,76,2,MEDIUM,Staging,0,303,MEDIUM
46,287,5,LOW,Staging,0,205,LOW
18,355,8,HIGH,Testing,0,344,HIGH
2,22,2,MEDIUM,Testing,1,659,HIGH
61,193,1,LOW,Staging,0,11,LOW
4,300,5,LOW,Staging,0,35,MEDIUM
6,101,0,MEDIUM,Development,1,937,MEDIUM
28,108,1,HIGH,Development,0,833,MEDIUM
7,67,4,LOW,Staging,0,392,MEDIUM
79,275,1,MEDIUM,Production,0,258,MEDIUM
77,340,3,HIGH,Development,0,402,MEDIUM
6,365,1,HIGH,Production,0,737,HIGH
89,107,1,MEDIUM,Testing,0,888,LOW
7,44,0,LOW,Staging,0,460,MEDIUM
24,240,2,LOW,Production,0,514,MEDIUM
1,43,1,MEDIUM,Staging,0,564,HIGH
1,103,1,HIGH,Production,0,261,HIGH
168,279,5,HIGH,Staging,0,311,MEDIUM
2,335,2,MEDIUM,Staging,0,157,HIGH
45,283,4,LOW,Testing,0,477,LOW
30,286,0,LOW,Staging,0,899,LOW
29,215,2,ADMIN,Development,0,786,MEDIUM
95,79,7,MEDIUM,Production,3,586,HIGH
3,198,1,HIGH,Production,0,588,HIGH
37,17,4,HIGH,Testing,0,32,MEDIUM
45,36,2,LOW,Development,0,16,LOW
38,245,3,ADMIN,Development,0,930,LOW
21,310,2,LOW,Testing,0,212,LOW
2,205,3,HIGH,Production,0,341,HIGH
26,234,1,ADMIN,Testing,1,816,HIGH
42,235,1,HIGH,Staging,0,720,MEDIUM
48,342,5,MEDIUM,Production,0,744,MEDIUM
35,167,2,ADMIN,Testing,0,217,MEDIUM
142,204,0,MEDIUM,Production,0,731,MEDIUM
3,337,1,MEDIUM,Testing,2,148,HIGH
5,64,2,MEDIUM,Production,0,84,HIGH
5,18,5,LOW,Production,0,457,HIGH
20,307,0,HIGH,Production,0,790,HIGH
1,8,1,LOW,Staging,0,690,MEDIUM
33,168,1,ADMIN,Development,0,644,LOW
15,89,0,MEDIUM,Staging,0,17,MEDIUM
1,112,2,MEDIUM,Staging,0,516,HIGH
16,324,3,LOW,Testing,0,794,LOW
29,312,5,MEDIUM,Production,0,528,HIGH
32,64,1,LOW,Production,0,780,LOW
6,105,3,LOW,Staging,0,747,MEDIUM
48,21,2,ADMIN,Production,2,668,HIGH
46,341,8,HIGH,Production,1,717,HIGH
2,252,0,HIGH,Production,0,654,HIGH
68,105,1,ADMIN,Testing,0,747,LOW
5,147,2,LOW,Production,2,211,HIGH
20,217,2,HIGH,Staging,0,783,HIGH
58,154,2,ADMIN,Development,0,749,MEDIUM
55,37,1,MEDIUM,Development,0,205,LOW
144,192,1,LOW,Development,0,607,LOW
41,131,4,ADMIN,Development,0,361,MEDIUM
30,218,3,MEDIUM,Production,0,40,HIGH
4,310,2,MEDIUM,Testing,0,265,MEDIUM
38,197,1,MEDIUM,Staging,0,927,LOW
21,273,3,ADMIN,Development,0,320,MEDIUM
71,177,4,HIGH,Production,0,219,HIGH
2,36,4,MEDIUM,Testing,0,431,HIGH
5,94,2,HIGH,Production,0,585,HIGH
14,320,0,LOW,Production,0,86,MEDIUM
4,249,3,MEDIUM,Staging,0,67,HIGH
44,193,3,ADMIN,Staging,3,784,HIGH
178,162,4,MEDIUM,Staging,2,686,HIGH
149,206,3,HIGH,Staging,1,147,HIGH
30,317,3,LOW,Development,1,532,MEDIUM
137,167,3,LOW,Production,0,501,MEDIUM
151,359,5,HIGH,Production,0,305,HIGH
12,345,8,HIGH,Production,3,483,HIGH
7,88,4,MEDIUM,Development,0,96,MEDIUM
88,113,3,ADMIN,Development,0,924,MEDIUM
10,115,6,HIGH,Production,0,620,HIGH
162,224,4,MEDIUM,Development,0,123,LOW
5,161,6,LOW,Staging,0,6,MEDIUM
51,65,2,MEDIUM,Staging,0,232,LOW
83,256,3,LOW,Development,0,295,LOW
51,353,0,HIGH,Development,3,728,HIGH
1,171,1,HIGH,Production,0,873,HIGH
85,154,8,HIGH,Production,0,873,HIGH
151,201,1,LOW,Development,0,294,LOW
39,298,5,ADMIN,Staging,0,731,MEDIUM
22,75,1,HIGH,Staging,1,205,HIGH
29,219,3,LOW,Production,0,62,MEDIUM
11,223,7,ADMIN,Development,0,418,MEDIUM
167,335,3,LOW,Staging,0,819,LOW
16,6,0,LOW,Production,0,505,MEDIUM
26,356,3,ADMIN,Production,0,190,HIGH
3,33,3,ADMIN,Staging,1,555,HIGH
83,272,2,HIGH,Development,0,603,MEDIUM
4,307,3,HIGH,Production,0,462,HIGH
41,18,0,LOW,Production,0,310,LOW
96,266,5,MEDIUM,Staging,0,551,MEDIUM
89,262,1,MEDIUM,Production,0,844,MEDIUM
39,303,1,LOW,Development,0,642,LOW
28,43,6,MEDIUM,Production,0,716,HIGH
6,191,2,LOW,Development,0,528,MEDIUM
94,127,0,MEDIUM,Production,0,117,MEDIUM
89,75,5,MEDIUM,Production,0,15,MEDIUM
7,157,2,ADMIN,Development,1,102,HIGH
6,200,1,HIGH,Production,1,699,HIGH
7,352,2,MEDIUM,Testing,0,134,MEDIUM
54,215,3,MEDIUM,Development,0,367,LOW
24,45,6,MEDIUM,Production,0,325,HIGH
1,147,2,HIGH,Production,0,900,HIGH
62,347,5,ADMIN,Development,0,420,MEDIUM
58,177,1,LOW,Development,0,947,LOW
59,269,5,ADMIN,Production,0,380,HIGH
23,58,1,MEDIUM,Production,0,856,MEDIUM
6,2,3,HIGH,Production,0,227,HIGH
88,30,1,ADMIN,Testing,0,341,MEDIUM
2,252,1,LOW,Staging,0,925,MEDIUM
4,241,1,LOW,Development,0,443,LOW
4,182,3,MEDIUM,Testing,0,909,MEDIUM
9,170,5,LOW,Testing,0,208,MEDIUM
21,350,3,ADMIN,Testing,0,787,MEDIUM
38,65,1,MEDIUM,Production,0,790,MEDIUM
27,149,1,LOW,Production,0,444,MEDIUM
105,359,1,LOW,Staging,1,208,LOW
85,77,1,HIGH,Production,0,44,MEDIUM
1,27,1,LOW,Staging,0,721,MEDIUM
23,27,1,LOW,Production,0,292,MEDIUM
1,339,3,HIGH,Testing,0,488,HIGH
16,58,0,HIGH,Staging,0,570,HIGH
26,333,1,LOW,Production,0,94,MEDIUM
68,99,3,LOW,Testing,2,81,MEDIUM
2,99,2,HIGH,Testing,0,917,HIGH
59,224,0,ADMIN,Testing,0,520,MEDIUM
2,356,1,LOW,Production,1,511,HIGH
22,200,2,ADMIN,Production,0,193,HIGH
60,269,1,MEDIUM,Development,1,308,LOW
9,328,0,MEDIUM,Production,1,141,HIGH
3,178,3,HIGH,Staging,2,337,HIGH
12,30,3,HIGH,Development,0,369,MEDIUM
175,299,0,ADMIN,Staging,0,396,MEDIUM
5,298,3,MEDIUM,Testing,1,409,HIGH
3,93,2,LOW,Development,1,185,MEDIUM
28,91,4,MEDIUM,Development,0,197,MEDIUM
56,71,3,LOW,Development,1,622,LOW
4,43,1,MEDIUM,Development,2,619,HIGH
6,289,5,ADMIN,Development,1,319,HIGH
1,23,0,LOW,Staging,0,528,MEDIUM
8,181,3,MEDIUM,Testing,0,905,MEDIUM
4,145,1,HIGH,Production,0,126,HIGH
27,172,2,ADMIN,Staging,0,158,HIGH
19,256,3,HIGH,Testing,2,835,HIGH
5,229,3,HIGH,Testing,0,494,HIGH
132,94,4,LOW,Production,0,511,MEDIUM
174,197,2,HIGH,Production,0,551,HIGH
68,356,4,MEDIUM,Production,0,94,MEDIUM
108,31,5,LOW,Staging,0,874,LOW
161,216,1,HIGH,Testing,1,62,MEDIUM
77,218,1,LOW,Production,0,683,MEDIUM
5,126,0,MEDIUM,Production,0,838,HIGH
24,173,2,HIGH,Production,0,18,HIGH
79,6,1,LOW,Staging,0,901,LOW
145,140,7,HIGH,Production,0,133,HIGH
42,40,4,MEDIUM,Production,0,325,MEDIUM
82,100,1,MEDIUM,Production,0,376,MEDIUM
1,109,2,HIGH,Production,0,321,HIGH
36,289,8,LOW,Development,0,54,LOW
6,201,3,ADMIN,Staging,2,724,HIGH
3,196,2,MEDIUM,Production,1,43,HIGH
120,349,3,LOW,Staging,0,169,LOW
22,185,3,MEDIUM,Testing,2,45,HIGH
2,79,2,HIGH,Testing,3,104,HIGH
23,152,1,LOW,Production,0,377,MEDIUM
61,227,3,LOW,Staging,0,131,LOW
170,67,2,MEDIUM,Testing,0,644,LOW
124,350,0,MEDIUM,Testing,2,63,MEDIUM
12,82,2,LOW,Production,1,233,HIGH
60,239,0,MEDIUM,Staging,0,115,LOW
20,310,2,ADMIN,Testing,0,492,MEDIUM
5,291,0,MEDIUM,Development,0,394,MEDIUM
118,351,2,HIGH,Development,0,185,MEDIUM
148,269,1,LOW,Development,1,193,LOW
17,215,2,LOW,Production,0,807,MEDIUM
7,342,2,HIGH,Development,0,685,MEDIUM
149,256,5,ADMIN,Testing,0,695,MEDIUM
71,297,0,MEDIUM,Production,0,197,MEDIUM
117,348,2,MEDIUM,Production,0,838,MEDIUM
174,212,2,MEDIUM,Staging,0,560,MEDIUM
13,284,2,ADMIN,Production,0,395,HIGH
49,51,8,HIGH,Staging,1,111,HIGH
170,52,3,LOW,Development,0,830,LOW
80,59,1,MEDIUM,Development,0,132,LOW
2,192,4,HIGH,Staging,0,279,HIGH
2,14,1,MEDIUM,Testing,0,841,MEDIUM
6,201,1,HIGH,Production,0,853,HIGH
28,163,2,ADMIN,Development,0,106,MEDIUM
89,82,6,LOW,Production,0,100,MEDIUM
160,41,2,LOW,Development,0,756,LOW
174,153,1,MEDIUM,Development,1,748,LOW
36,327,8,HIGH,Production,1,118,HIGH
1,254,4,MEDIUM,Production,1,217,HIGH
1,352,2,MEDIUM,Staging,1,653,HIGH
88,324,3,HIGH,Testing,0,356,MEDIUM
123,99,3,MEDIUM,Testing,0,535,LOW
4,43,3,LOW,Production,2,279,HIGH
30,254,2,LOW,Staging,2,949,HIGH
37,301,1,LOW,Development,0,744,LOW
70,220,1,ADMIN,Production,0,924,MEDIUM
24,310,4,LOW,Production,0,548,HIGH
21,38,1,LOW,Staging,0,153,LOW
30,165,5,LOW,Production,0,399,HIGH
168,344,0,LOW,Staging,1,436,LOW
14,141,2,MEDIUM,Production,0,180,HIGH
32,295,8,MEDIUM,Production,1,296,HIGH
1,49,4,ADMIN,Development,0,313,HIGH
25,25,1,HIGH,Staging,0,470,MEDIUM
6,6,0,HIGH,Production,3,887,HIGH
77,276,8,MEDIUM,Production,2,893,HIGH
4,353,3,ADMIN,Development,1,281,HIGH
131,300,5,ADMIN,Production,2,428,HIGH
26,144,1,HIGH,Production,0,236,HIGH
66,106,3,HIGH,Development,0,511,MEDIUM
1,107,4,LOW,Development,0,531,MEDIUM
2,67,1,HIGH,Testing,0,468,HIGH
5,158,6,MEDIUM,Testing,0,109,MEDIUM
4,15,2,ADMIN,Development,0,365,MEDIUM
21,221,2,ADMIN,Staging,0,284,MEDIUM
14,305,1,LOW,Staging,0,536,LOW
3,19,2,HIGH,Production,0,549,HIGH
7,355,1,LOW,Development,0,809,LOW
37,359,3,HIGH,Staging,0,878,MEDIUM
133,73,7,LOW,Testing,0,443,LOW
74,243,2,LOW,Staging,0,258,LOW
6,76,4,LOW,Production,0,828,HIGH
25,187,2,MEDIUM,Production,1,313,HIGH
48,328,0,ADMIN,Production,2,881,HIGH
46,221,1,ADMIN,Staging,0,203,MEDIUM
160,231,8,MEDIUM,Testing,1,184,MEDIUM
26,22,2,HIGH,Staging,0,859,HIGH
17,351,0,MEDIUM,Production,0,540,MEDIUM
3,151,0,HIGH,Testing,0,294,HIGH
58,1,0,LOW,Production,0,904,LOW
5,101,2,ADMIN,Staging,1,302,HIGH
29,51,5,MEDIUM,Staging,2,616,HIGH
39,129,0,MEDIUM,Staging,0,313,LOW
42,224,0,MEDIUM,Staging,0,715,LOW
22,211,2,ADMIN,Staging,1,32,HIGH
15,318,2,MEDIUM,Testing,0,305,MEDIUM
31,266,2,HIGH,Development,0,61,MEDIUM
37,354,1,ADMIN,Staging,0,763,MEDIUM
4,254,0,MEDIUM,Production,1,660,HIGH
4,35,0,MEDIUM,Testing,0,128,MEDIUM
8,29,6,LOW,Production,0,500,MEDIUM
147,316,0,HIGH,Testing,0,27,MEDIUM
63,244,2,HIGH,Development,0,107,MEDIUM
55,238,2,MEDIUM,Testing,0,33,LOW
50,337,3,LOW,Staging,0,933,LOW
16,258,1,LOW,Staging,1,542,MEDIUM
19,72,1,LOW,Staging,0,315,LOW
61,295,3,LOW,Testing,0,679,LOW
2,16,5,LOW,Production,0,103,HIGH
120,122,0,MEDIUM,Production,1,750,MEDIUM
2,38,2,HIGH,Testing,0,651,HIGH
4,327,2,ADMIN,Production,0,263,HIGH
58,99,0,HIGH,Production,0,689,MEDIUM
80,37,1,LOW,Development,0,937,LOW
83,183,3,MEDIUM,Production,0,146,MEDIUM
7,265,1,MEDIUM,Production,0,241,HIGH
17,184,0,MEDIUM,Development,1,299,MEDIUM
70,57,2,MEDIUM,Development,2,274,MEDIUM
6,281,4,LOW,Production,0,780,HIGH
163,360,4,ADMIN,Production,1,359,HIGH
25,22,0,ADMIN,Testing,0,235,MEDIUM
2,101,2,MEDIUM,Production,1,703,HIGH
80,221,3,LOW,Production,0,123,MEDIUM
146,122,1,ADMIN,Production,0,237,MEDIUM
86,40,0,HIGH,Production,0,294,MEDIUM
17,337,0,MEDIUM,Development,0,261,LOW
129,283,1,LOW,Testing,0,544,LOW
53,319,2,MEDIUM,Testing,0,938,LOW
25,73,0,ADMIN,Development,0,455,MEDIUM
23,302,1,MEDIUM,Production,1,91,HIGH
8,23,1,ADMIN,Development,0,680,MEDIUM
135,312,4,LOW,Production,0,853,MEDIUM
8,219,4,HIGH,Testing,2,775,HIGH
60,291,4,LOW,Development,0,395,LOW
178,44,8,ADMIN,Production,0,307,HIGH
6,335,4,MEDIUM,Staging,0,132,HIGH
22,239,0,HIGH,Staging,0,658,MEDIUM
88,33,2,LOW,Production,0,810,MEDIUM
109,336,0,ADMIN,Staging,0,44,MEDIUM
2,133,7,MEDIUM,Development,0,870,HIGH
3,260,2,MEDIUM,Testing,0,247,HIGH
145,74,0,MEDIUM,Staging,0,373,LOW
3,189,0,MEDIUM,Staging,2,938,HIGH
76,365,1,LOW,Production,0,855,LOW
100,115,2,HIGH,Production,3,650,HIGH
82,338,2,MEDIUM,Production,0,280,MEDIUM
6,162,3,MEDIUM,Development,0,251,MEDIUM
53,186,3,ADMIN,Production,0,464,HIGH
74,311,1,LOW,Production,0,326,LOW
171,102,5,MEDIUM,Development,1,20,MEDIUM
39,13,3,MEDIUM,Development,3,140,MEDIUM
39,124,3,MEDIUM,Production,0,923,MEDIUM
136,210,3,MEDIUM,Production,0,451,MEDIUM
1,4,2,MEDIUM,Staging,0,669,HIGH
11,25,2,MEDIUM,Production,1,598,HIGH
113,22,4,ADMIN,Production,0,753,HIGH
6,148,1,MEDIUM,Staging,0,911,MEDIUM
4,106,2,ADMIN,Development,0,177,HIGH
8,145,6,ADMIN,Development,0,754,MEDIUM
11,222,2,LOW,Production,0,145,MEDIUM
78,168,1,HIGH,Testing,0,469,LOW
103,267,1,MEDIUM,Production,1,681,MEDIUM
15,113,3,HIGH,Production,0,160,HIGH
172,265,5,LOW,Production,0,8,MEDIUM
30,135,3,MEDIUM,Production,0,245,HIGH
120,343,2,MEDIUM,Production,0,406,MEDIUM
15,229,1,MEDIUM,Production,0,123,MEDIUM
75,248,4,ADMIN,Development,1,620,MEDIUM
2,166,1,LOW,Production,0,405,HIGH
16,24,1,MEDIUM,Production,0,591,MEDIUM
4,277,0,MEDIUM,Testing,0,826,MEDIUM
2,108,1,HIGH,Staging,0,165,HIGH
111,170,2,MEDIUM,Production,0,259,MEDIUM
1,145,1,LOW,Testing,0,795,MEDIUM
4,139,5,LOW,Production,0,521,HIGH
78,78,0,HIGH,Production,0,405,MEDIUM
21,235,1,HIGH,Development,0,676,MEDIUM
15,146,5,MEDIUM,Production,0,255,HIGH
79,232,1,ADMIN,Staging,2,411,HIGH
4,323,7,MEDIUM,Production,0,178,HIGH
40,243,2,ADMIN,Staging,1,783,HIGH
78,19,1,HIGH,Staging,0,421,MEDIUM
131,121,1,MEDIUM,Testing,0,531,LOW
3,66,4,HIGH,Production,0,771,HIGH
62,269,2,LOW,Development,0,565,LOW
17,166,3,LOW,Production,0,670,MEDIUM
76,129,2,MEDIUM,Development,0,343,LOW
1,214,1,HIGH,Testing,0,10,HIGH
3,320,2,LOW,Staging,0,363,MEDIUM
48,219,2,ADMIN,Production,0,644,HIGH
3,111,1,ADMIN,Production,0,109,HIGH
67,316,3,MEDIUM,Development,0,177,LOW
4,1,1,LOW,Development,1,58,MEDIUM
50,124,2,HIGH,Development,0,399,MEDIUM
36,86,6,MEDIUM,Production,1,733,HIGH
81,286,5,MEDIUM,Development,0,187,LOW
44,98,1,MEDIUM,Development,0,770,LOW
8,189,5,LOW,Testing,0,18,MEDIUM
33,141,3,LOW,Production,2,848,MEDIUM
42,332,4,HIGH,Development,1,44,MEDIUM
113,68,0,HIGH,Staging,1,127,MEDIUM
11,100,3,HIGH,Development,0,345,MEDIUM
77,341,2,HIGH,Production,1,690,HIGH
16,142,3,LOW,Development,0,424,LOW
1,239,2,HIGH,Development,0,584,HIGH
42,11,4,LOW,Testing,0,227,LOW
84,98,3,MEDIUM,Production,0,322,MEDIUM
12,97,1,HIGH,Development,0,307,MEDIUM
19,329,2,MEDIUM,Staging,1,708,HIGH
7,360,2,LOW,Production,0,703,HIGH
6,240,1,LOW,Production,2,534,HIGH
51,338,2,LOW,Production,0,723,MEDIUM
21,52,1,MEDIUM,Development,0,171,LOW
60,223,3,LOW,Production,0,254,MEDIUM
2,120,4,MEDIUM,Staging,1,524,HIGH
32,154,5,MEDIUM,Development,2,541,MEDIUM
97,159,4,ADMIN,Development,0,359,MEDIUM
14,42,1,LOW,Production,1,452,MEDIUM
8,242,2,LOW,Development,0,222,LOW
11,69,1,HIGH,Testing,0,294,MEDIUM
25,301,0,HIGH,Production,1,187,HIGH
141,331,1,MEDIUM,Production,0,50,MEDIUM
7,160,1,MEDIUM,Staging,1,40,HIGH
74,239,4,ADMIN,Staging,0,755,MEDIUM
39,352,2,ADMIN,Development,0,691,MEDIUM
2,231,2,HIGH,Production,0,734,HIGH
58,346,0,MEDIUM,Staging,0,729,LOW
21,63,5,LOW,Production,0,56,HIGH
74,13,2,HIGH,Testing,0,370,MEDIUM
38,273,3,MEDIUM,Production,0,91,MEDIUM
21,235,3,LOW,Production,0,850,MEDIUM
9,76,3,ADMIN,Testing,0,836,MEDIUM
90,217,2,MEDIUM,Testing,0,769,LOW
81,156,3,HIGH,Staging,0,817,MEDIUM
14,353,4,HIGH,Staging,0,692,HIGH
6,213,3,MEDIUM,Development,0,478,MEDIUM
45,114,0,ADMIN,Production,0,734,MEDIUM
151,7,1,MEDIUM,Production,0,847,MEDIUM
7,200,1,MEDIUM,Production,0,877,HIGH
10,150,4,LOW,Production,0,483,MEDIUM
144,12,4,HIGH,Development,0,766,MEDIUM
3,112,1,LOW,Production,0,301,HIGH
57,215,5,LOW,Development,0,793,LOW
24,207,2,LOW,Staging,0,850,MEDIUM
31,238,3,LOW,Testing,0,105,LOW
71,71,3,HIGH,Staging,0,87,MEDIUM
46,242,3,HIGH,Production,2,28,HIGH
115,83,2,ADMIN,Production,0,250,HIGH
99,106,2,ADMIN,Development,0,705,LOW
72,170,5,ADMIN,Production,1,255,HIGH
143,241,5,ADMIN,Production,0,432,HIGH
80,274,3,ADMIN,Testing,0,852,MEDIUM
56,226,2,MEDIUM,Production,0,154,MEDIUM
54,73,5,HIGH,Production,0,220,HIGH
88,134,1,MEDIUM,Staging,0,343,LOW
6,148,0,HIGH,Production,1,582,HIGH
26,226,3,MEDIUM,Staging,0,829,MEDIUM
2,109,2,LOW,Production,0,17,HIGH
112,330,1,HIGH,Staging,1,326,MEDIUM
24,195,0,MEDIUM,Production,2,355,HIGH
80,183,2,LOW,Staging,0,658,LOW
3,321,0,HIGH,Testing,0,73,HIGH
59,126,1,ADMIN,Staging,0,711,MEDIUM
7,143,0,ADMIN,Testing,0,855,MEDIUM
6,298,2,ADMIN,Testing,0,907,HIGH
14,244,1,MEDIUM,Production,0,225,MEDIUM
77,100,2,MEDIUM,Production,0,778,MEDIUM
23,248,2,LOW,Production,2,311,HIGH
29,226,0,MEDIUM,Staging,0,191,MEDIUM
3,222,3,MEDIUM,Production,0,887,HIGH
80,110,1,HIGH,Production,0,789,MEDIUM
26,99,4,LOW,Production,0,877,MEDIUM
69,138,1,HIGH,Development,0,881,LOW
19,218,2,MEDIUM,Production,0,10,HIGH
108,141,0,MEDIUM,Production,0,218,MEDIUM
18,287,3,MEDIUM,Production,0,637,HIGH
41,304,2,ADMIN,Production,2,52,HIGH
48,31,0,MEDIUM,Production,0,287,MEDIUM
23,212,4,MEDIUM,Production,1,608,HIGH
51,339,1,LOW,Staging,0,303,LOW
88,110,1,LOW,Production,0,476,LOW
6,329,2,LOW,Staging,0,503,MEDIUM
146,259,5,HIGH,Production,0,556,HIGH
102,58,2,MEDIUM,Production,0,871,MEDIUM
10,142,2,MEDIUM,Testing,1,761,MEDIUM
64,222,5,MEDIUM,Development,0,305,LOW
4,115,2,HIGH,Development,0,550,MEDIUM
6,76,1,HIGH,Production,0,31,HIGH
25,162,6,ADMIN,Production,0,211,HIGH
2,226,0,MEDIUM,Staging,2,31,HIGH
20,102,1,HIGH,Production,0,839,HIGH
4,251,3,ADMIN,Development,0,329,MEDIUM
1,234,0,LOW,Production,0,435,HIGH
17,334,1,ADMIN,Production,3,91,HIGH
173,24,0,HIGH,Production,0,583,MEDIUM
34,339,1,MEDIUM,Development,0,848,LOW
137,57,4,LOW,Development,0,213,LOW
8,241,0,HIGH,Staging,1,940,HIGH
13,115,0,MEDIUM,Production,3,120,HIGH
85,1,1,MEDIUM,Testing,0,929,LOW
27,293,1,MEDIUM,Staging,0,137,MEDIUM
11,315,0,LOW,Production,0,194,MEDIUM
68,137,4,MEDIUM,Production,0,437,MEDIUM
71,94,0,LOW,Staging,0,860,LOW
152,97,3,LOW,Production,1,596,MEDIUM
59,336,4,ADMIN,Production,2,350,HIGH
2,176,4,LOW,Testing,0,805,MEDIUM
45,62,2,HIGH,Staging,0,899,MEDIUM
42,262,1,MEDIUM,Staging,1,232,MEDIUM
69,272,2,LOW,Production,1,376,MEDIUM
41,326,3,HIGH,Production,0,868,HIGH
97,206,1,HIGH,Testing,1,436,MEDIUM
35,343,1,MEDIUM,Testing,2,632,MEDIUM
61,125,1,LOW,Production,0,434,LOW
108,64,3,LOW,Staging,0,693,LOW
3,160,2,MEDIUM,Development,0,617,MEDIUM
25,37,5,HIGH,Production,0,742,HIGH
16,300,1,MEDIUM,Staging,0,891,MEDIUM
168,186,1,HIGH,Production,1,511,HIGH
37,142,5,ADMIN,Production,0,341,HIGH
4,254,1,HIGH,Production,0,277,HIGH
25,266,5,HIGH,Development,0,48,MEDIUM
106,123,1,MEDIUM,Production,0,930,MEDIUM
147,294,5,HIGH,Production,0,413,HIGH
2,169,0,HIGH,Production,2,826,HIGH
136,128,1,MEDIUM,Development,0,337,LOW
66,206,4,ADMIN,Production,0,181,HIGH
27,157,0,ADMIN,Production,0,659,HIGH
124,249,1,HIGH,Production,1,922,HIGH
38,260,3,LOW,Staging,0,779,LOW
36,340,2,LOW,Production,0,738,MEDIUM
85,43,1,MEDIUM,Staging,0,850,LOW
62,113,1,MEDIUM,Development,0,668,LOW
8,225,2,LOW,Production,0,586,MEDIUM
67,362,4,LOW,Development,0,825,LOW
100,69,1,MEDIUM,Staging,1,724,MEDIUM
76,54,4,MEDIUM,Staging,0,742,MEDIUM
48,236,3,HIGH,Staging,0,451,MEDIUM
98,245,5,ADMIN,Development,0,703,MEDIUM
8,361,4,ADMIN,Staging,0,410,HIGH
45,261,6,MEDIUM,Staging,0,557,MEDIUM
79,37,3,MEDIUM,Testing,0,752,LOW
174,62,1,LOW,Development,0,418,LOW
7,176,1,ADMIN,Production,0,186,HIGH
4,180,8,ADMIN,Production,0,352,HIGH
2,192,0,LOW,Production,0,546,HIGH
138,89,1,MEDIUM,Development,0,191,LOW
5,226,3,ADMIN,Production,1,186,HIGH
159,62,4,HIGH,Production,0,303,HIGH
62,314,5,HIGH,Development,2,679,HIGH
29,188,0,MEDIUM,Production,2,507,HIGH
82,303,0,MEDIUM,Development,0,684,LOW
25,70,2,ADMIN,Production,0,646,HIGH
8,248,3,MEDIUM,Production,0,810,HIGH
4,46,1,HIGH,Production,0,926,HIGH
97,198,1,LOW,Production,2,58,MEDIUM
54,110,0,HIGH,Production,2,918,HIGH
44,8,0,MEDIUM,Staging,0,926,LOW
133,200,4,ADMIN,Production,0,862,HIGH
124,217,3,LOW,Production,0,928,MEDIUM
21,212,1,LOW,Production,1,199,MEDIUM
3,230,0,MEDIUM,Production,0,77,HIGH
4,132,6,LOW,Production,0,716,HIGH
11,104,6,MEDIUM,Staging,0,514,MEDIUM
7,199,1,MEDIUM,Staging,0,830,MEDIUM
59,340,6,MEDIUM,Development,0,198,LOW
123,180,2,HIGH,Production,1,62,HIGH
4,337,3,LOW,Staging,0,456,MEDIUM
41,163,0,LOW,Development,0,424,LOW
5,54,3,LOW,Production,0,8,HIGH
3,280,0,HIGH,Production,0,937,HIGH
29,122,3,MEDIUM,Production,0,358,HIGH
5,147,3,HIGH,Testing,0,402,HIGH
4,236,2,ADMIN,Testing,1,877,HIGH
144,236,3,MEDIUM,Staging,0,402,MEDIUM
7,112,3,MEDIUM,Production,0,899,HIGH
25,158,1,HIGH,Production,0,116,HIGH
9,81,3,MEDIUM,Production,2,447,HIGH
5,349,2,MEDIUM,Development,0,416,MEDIUM
122,67,4,HIGH,Production,0,630,HIGH
3,5,6,HIGH,Testing,1,344,HIGH
44,186,3,MEDIUM,Testing,0,931,LOW
50,82,5,MEDIUM,Production,0,430,MEDIUM
25,144,3,ADMIN,Development,1,121,MEDIUM
9,245,1,LOW,Production,0,709,MEDIUM
93,344,2,MEDIUM,Testing,1,92,MEDIUM
1,343,1,LOW,Testing,0,304,MEDIUM
1,303,2,ADMIN,Production,0,876,HIGH
3,123,3,MEDIUM,Staging,0,448,HIGH
36,67,5,MEDIUM,Staging,2,15,HIGH
2,345,1,LOW,Production,0,380,HIGH
107,134,2,ADMIN,Production,0,278,HIGH
131,59,0,MEDIUM,Development,0,785,LOW
67,39,0,LOW,Development,0,831,LOW
71,170,4,ADMIN,Staging,0,129,MEDIUM
3,352,1,LOW,Development,0,86,MEDIUM
76,96,2,HIGH,Staging,0,611,MEDIUM
4,278,2,LOW,Testing,0,131,MEDIUM
41,304,1,LOW,Production,0,660,LOW
174,350,1,MEDIUM,Staging,0,71,LOW
3,229,0,MEDIUM,Development,0,95,MEDIUM
26,246,1,HIGH,Staging,0,505,MEDIUM
41,210,2,ADMIN,Staging,0,950,MEDIUM
7,198,2,ADMIN,Production,0,147,HIGH
20,339,5,MEDIUM,Production,0,193,HIGH
2,201,1,LOW,Staging,1,879,HIGH
21,341,0,LOW,Production,2,73,HIGH
157,111,2,HIGH,Testing,0,320,MEDIUM
7,145,1,MEDIUM,Production,0,710,HIGH
8,108,6,MEDIUM,Testing,0,936,MEDIUM
52,358,1,MEDIUM,Testing,0,334,LOW
15,10,1,MEDIUM,Production,1,398,HIGH
1,200,4,HIGH,Production,0,287,HIGH
1,183,4,MEDIUM,Production,0,154,HIGH
6,331,1,ADMIN,Production,2,624,HIGH
24,193,2,HIGH,Development,1,16,MEDIUM
72,41,1,LOW,Staging,0,156,LOW
18,102,3,MEDIUM,Production,0,171,HIGH
86,189,0,MEDIUM,Production,1,389,MEDIUM
42,18,3,HIGH,Production,0,779,HIGH
5,53,2,ADMIN,Production,2,245,HIGH
57,253,2,MEDIUM,Development,0,431,LOW
1,134,1,MEDIUM,Production,0,704,HIGH
5,120,6,LOW,Production,2,145,HIGH
8,343,3,MEDIUM,Production,0,74,HIGH
26,42,2,MEDIUM,Development,0,925,MEDIUM
28,285,1,MEDIUM,Production,0,859,MEDIUM
18,334,1,HIGH,Staging,0,622,MEDIUM
13,55,3,HIGH,Testing,1,209,HIGH
26,28,3,HIGH,Production,0,916,HIGH
31,171,1,MEDIUM,Testing,2,402,MEDIUM
61,342,5,MEDIUM,Production,0,636,MEDIUM
8,196,3,LOW,Development,2,104,MEDIUM
19,12,1,LOW,Development,0,127,LOW
78,244,1,MEDIUM,Staging,0,747,LOW
32,33,3,ADMIN,Staging,0,71,MEDIUM
21,7,2,MEDIUM,Staging,0,69,MEDIUM
3,140,7,ADMIN,Testing,0,711,HIGH
84,360,2,LOW,Production,0,873,MEDIUM
83,192,3,MEDIUM,Production,0,569,MEDIUM
21,240,8,MEDIUM,Production,0,156,HIGH
58,71,1,HIGH,Production,0,482,MEDIUM
155,321,0,MEDIUM,Production,0,652,MEDIUM
14,215,5,LOW,Production,3,562,HIGH
73,351,3,LOW,Development,0,124,LOW
7,180,3,HIGH,Staging,0,113,HIGH
31,254,0,HIGH,Staging,0,318,MEDIUM
1,62,1,MEDIUM,Staging,1,701,HIGH
1,306,1,MEDIUM,Development,0,218,MEDIUM
29,180,0,HIGH,Staging,0,886,MEDIUM
170,351,2,HIGH,Production,0,44,HIGH
1,324,6,HIGH,Testing,0,772,HIGH
50,232,1,HIGH,Staging,0,15,MEDIUM
59,238,1,MEDIUM,Production,0,825,MEDIUM
38,90,5,HIGH,Testing,0,171,MEDIUM
4,249,1,HIGH,Development,0,767,MEDIUM
17,350,2,ADMIN,Production,0,735,HIGH
39,310,2,HIGH,Production,0,380,HIGH
28,18,1,MEDIUM,Production,0,437,MEDIUM
155,71,0,LOW,Development,0,589,LOW
3,337,1,LOW,Development,0,578,MEDIUM
30,262,4,LOW,Development,0,686,MEDIUM
122,110,1,MEDIUM,Staging,0,495,LOW
107,75,5,LOW,Staging,0,530,LOW
79,186,6,LOW,Testing,1,421,LOW
43,192,1,MEDIUM,Development,0,892,LOW
7,307,2,ADMIN,Staging,0,81,HIGH
88,21,1,LOW,Production,0,480,LOW
132,241,2,ADMIN,Production,0,897,HIGH
52,176,2,MEDIUM,Production,0,69,MEDIUM
27,166,5,MEDIUM,Staging,0,361,MEDIUM
16,338,1,LOW,Testing,0,810,LOW
74,284,1,HIGH,Development,0,600,LOW
46,325,4,LOW,Production,0,668,MEDIUM
30,175,0,MEDIUM,Production,0,263,MEDIUM
35,131,6,MEDIUM,Development,0,568,LOW
97,322,8,MEDIUM,Production,0,492,HIGH
1,36,1,MEDIUM,Production,0,279,HIGH
33,6,0,LOW,Development,2,741,LOW
69,283,1,MEDIUM,Staging,0,28,LOW
44,83,0,MEDIUM,Production,0,281,MEDIUM
46,89,5,LOW,Production,0,8,MEDIUM
3,42,2,MEDIUM,Staging,0,158,HIGH
7,345,2,MEDIUM,Production,0,541,HIGH
22,361,0,LOW,Staging,1,704,MEDIUM
18,149,5,HIGH,Staging,0,903,HIGH
28,12,1,LOW,Production,0,395,MEDIUM
10,138,1,MEDIUM,Development,3,495,HIGH
3,118,0,LOW,Development,1,99,MEDIUM
24,151,0,MEDIUM,Production,0,896,HIGH
120,318,0,LOW,Testing,0,808,LOW
151,86,1,ADMIN,Testing,1,205,MEDIUM
65,284,4,LOW,Production,0,161,MEDIUM
80,11,2,LOW,Production,1,408,MEDIUM
86,294,4,LOW,Development,0,470,LOW
1,194,0,LOW,Development,0,546,MEDIUM
173,182,4,HIGH,Production,0,862,HIGH
7,19,1,HIGH,Production,0,381,HIGH
2,250,1,LOW,Production,0,450,HIGH
28,73,0,HIGH,Production,0,454,HIGH
19,213,6,MEDIUM,Staging,0,154,MEDIUM
150,335,5,ADMIN,Testing,0,306,MEDIUM
23,159,6,MEDIUM,Staging,0,108,MEDIUM
63,191,0,HIGH,Development,0,822,LOW
34,225,4,MEDIUM,Production,0,531,HIGH
12,226,3,HIGH,Development,0,152,MEDIUM
1,156,0,ADMIN,Development,0,433,HIGH
123,108,0,MEDIUM,Production,0,884,MEDIUM
112,253,0,HIGH,Development,0,836,LOW
67,170,3,HIGH,Testing,0,164,MEDIUM
6,12,2,HIGH,Production,0,526,HIGH
2,76,2,ADMIN,Staging,1,229,HIGH
30,205,2,LOW,Testing,0,88,LOW
18,222,1,HIGH,Staging,0,36,MEDIUM
153,203,2,MEDIUM,Staging,0,874,MEDIUM
69,43,0,LOW,Staging,0,760,LOW
110,2,2,MEDIUM,Development,0,303,LOW
3,159,1,MEDIUM,Testing,0,601,MEDIUM
88,252,0,LOW,Development,0,635,LOW
35,134,1,LOW,Production,0,532,LOW
56,356,2,HIGH,Development,0,526,MEDIUM
81,108,1,HIGH,Staging,0,163,MEDIUM
5,38,1,LOW,Development,0,332,LOW
90,344,2,HIGH,Production,0,731,HIGH
13,26,0,MEDIUM,Staging,1,263,MEDIUM
30,168,3,HIGH,Staging,0,679,HIGH
112,213,0,ADMIN,Staging,1,347,MEDIUM
89,214,0,ADMIN,Development,0,374,LOW
37,257,1,HIGH,Production,0,701,MEDIUM
158,314,6,HIGH,Production,0,793,HIGH
2,171,0,HIGH,Testing,0,815,HIGH
120,303,1,HIGH,Development,0,917,LOW
47,21,1,LOW,Production,1,249,MEDIUM
160,9,2,MEDIUM,Staging,2,818,MEDIUM
68,283,1,HIGH,Production,0,245,MEDIUM
6,351,2,MEDIUM,Testing,0,256,MEDIUM
73,213,1,LOW,Testing,0,751,LOW
75,40,8,LOW,Development,1,878,LOW
13,257,4,ADMIN,Testing,0,481,HIGH
10,199,4,MEDIUM,Production,0,261,HIGH
10,268,4,ADMIN,Production,0,495,HIGH
85,222,0,HIGH,Testing,0,836,MEDIUM
3,117,4,LOW,Production,2,804,HIGH
116,19,2,HIGH,Production,0,368,HIGH
91,238,0,HIGH,Development,1,613,MEDIUM
161,175,0,HIGH,Production,1,810,HIGH
2,154,3,MEDIUM,Production,3,717,HIGH
143,272,1,MEDIUM,Staging,0,761,LOW
102,269,3,LOW,Staging,1,376,MEDIUM
6,41,1,ADMIN,Development,0,866,MEDIUM
1,207,4,HIGH,Production,0,945,HIGH
2,302,0,LOW,Testing,1,48,MEDIUM
166,127,0,MEDIUM,Production,0,669,MEDIUM
4,350,2,HIGH,Testing,3,10,HIGH
3,109,3,ADMIN,Production,0,849,HIGH
7,64,3,MEDIUM,Production,0,624,HIGH
75,329,2,ADMIN,Production,2,259,HIGH
4,112,1,LOW,Development,0,7,LOW
4,74,0,HIGH,Production,0,131,HIGH
29,340,1,MEDIUM,Testing,0,216,MEDIUM
23,130,0,LOW,Staging,0,67,LOW
24,148,0,HIGH,Production,0,441,HIGH
26,115,2,MEDIUM,Production,0,287,HIGH
147,9,4,ADMIN,Production,0,398,HIGH
48,354,0,ADMIN,Staging,1,533,MEDIUM
4,145,1,HIGH,Production,0,689,HIGH
3,11,1,ADMIN,Testing,0,572,HIGH
37,218,1,MEDIUM,Production,1,605,MEDIUM
55,126,1,MEDIUM,Development,1,370,LOW
2,40,0,LOW,Production,1,241,HIGH
2,281,2,LOW,Production,0,760,HIGH
8,144,3,MEDIUM,Staging,1,919,MEDIUM
82,275,3,MEDIUM,Staging,2,251,MEDIUM
79,251,4,HIGH,Development,0,426,MEDIUM
26,179,6,LOW,Testing,0,574,MEDIUM
4,81,1,LOW,Production,0,188,MEDIUM
22,317,0,LOW,Development,0,939,LOW
75,82,2,MEDIUM,Production,0,388,MEDIUM
4,79,2,LOW,Development,0,721,MEDIUM
41,291,1,MEDIUM,Production,0,181,MEDIUM
118,11,1,HIGH,Production,0,796,MEDIUM
4,359,2,ADMIN,Production,1,578,HIGH
64,119,4,ADMIN,Production,0,56,HIGH
25,276,0,HIGH,Production,0,567,HIGH
39,46,2,LOW,Development,0,78,LOW
22,173,0,HIGH,Production,0,803,HIGH
51,327,2,HIGH,Development,0,199,MEDIUM
81,310,0,HIGH,Production,0,366,MEDIUM
3,76,3,HIGH,Staging,0,493,HIGH
83,22,1,MEDIUM,Staging,0,524,LOW
124,194,1,LOW,Production,0,375,LOW
7,77,4,MEDIUM,Production,0,334,HIGH
55,21,3,LOW,Staging,0,217,LOW
53,326,6,HIGH,Staging,1,543,HIGH
4,271,0,LOW,Development,0,546,LOW
161,256,5,MEDIUM,Production,0,203,MEDIUM
4,34,0,HIGH,Staging,0,699,HIGH
3,215,4,LOW,Staging,0,744,HIGH
1,21,4,MEDIUM,Production,0,651,HIGH
42,346,1,MEDIUM,Staging,0,196,LOW
29,211,4,ADMIN,Staging,1,530,HIGH
15,285,3,HIGH,Production,0,855,HIGH
1,353,1,MEDIUM,Testing,0,659,MEDIUM
5,270,1,ADMIN,Development,0,730,MEDIUM
10,239,3,HIGH,Development,0,562,MEDIUM
28,69,2,ADMIN,Development,0,236,MEDIUM
89,255,4,MEDIUM,Development,0,403,LOW
4,14,8,ADMIN,Development,0,114,HIGH
5,194,1,MEDIUM,Staging,0,514,MEDIUM
91,349,1,MEDIUM,Staging,0,816,LOW
106,328,4,ADMIN,Staging,0,557,MEDIUM
84,209,1,LOW,Staging,1,166,LOW
10,173,2,HIGH,Testing,0,42,MEDIUM
143,22,4,ADMIN,Production,0,801,HIGH
81,50,0,LOW,Production,0,804,LOW
24,204,5,ADMIN,Production,0,897,HIGH
3,90,4,MEDIUM,Production,0,353,HIGH
21,249,2,HIGH,Staging,0,929,HIGH
3,156,5,LOW,Development,0,545,MEDIUM
176,271,0,HIGH,Testing,0,244,LOW
11,356,0,HIGH,Production,1,524,HIGH
4,9,3,MEDIUM,Staging,0,266,MEDIUM
139,337,1,LOW,Production,0,624,MEDIUM
10,275,4,HIGH,Production,0,657,HIGH
155,292,3,LOW,Testing,2,204,MEDIUM
49,221,2,ADMIN,Testing,0,61,MEDIUM
3,214,7,HIGH,Production,0,457,HIGH
24,340,3,LOW,Development,0,254,LOW
91,209,5,MEDIUM,Testing,0,150,LOW
8,184,2,MEDIUM,Testing,0,681,MEDIUM
2,111,0,HIGH,Staging,0,441,HIGH
24,62,1,HIGH,Development,0,278,MEDIUM
171,16,4,LOW,Staging,0,775,LOW
3,29,0,LOW,Staging,2,401,HIGH
3,34,1,LOW,Production,0,668,HIGH
18,91,5,MEDIUM,Staging,0,897,MEDIUM
5,144,1,MEDIUM,Production,1,456,HIGH
59,211,3,MEDIUM,Production,0,357,MEDIUM
151,25,8,HIGH,Development,0,621,MEDIUM
7,100,1,HIGH,Development,0,96,MEDIUM
6,206,0,ADMIN,Testing,0,86,MEDIUM
1,58,1,LOW,Production,0,849,HIGH
164,193,0,HIGH,Production,0,81,MEDIUM
112,166,0,MEDIUM,Testing,1,306,LOW
7,105,3,ADMIN,Production,1,412,HIGH
7,96,0,LOW,Production,1,659,HIGH
5,215,1,MEDIUM,Development,0,757,MEDIUM
145,119,5,HIGH,Production,0,902,HIGH
6,231,6,MEDIUM,Development,0,809,MEDIUM
20,359,0,MEDIUM,Production,1,513,HIGH
19,74,0,MEDIUM,Staging,1,189,MEDIUM
177,188,0,MEDIUM,Staging,0,463,LOW
64,90,0,HIGH,Testing,0,340,MEDIUM
68,138,1,ADMIN,Production,0,559,MEDIUM
95,18,6,MEDIUM,Staging,0,240,MEDIUM
6,311,1,MEDIUM,Production,0,529,HIGH
59,235,7,LOW,Production,0,41,MEDIUM
15,200,2,MEDIUM,Production,0,677,HIGH
100,33,3,ADMIN,Development,0,477,MEDIUM
67,79,4,MEDIUM,Production,0,533,MEDIUM
65,1,1,MEDIUM,Production,0,645,MEDIUM
73,200,1,MEDIUM,Production,0,707,MEDIUM
4,176,5,LOW,Production,0,191,HIGH
39,314,1,MEDIUM,Testing,0,654,LOW
119,100,2,HIGH,Testing,1,591,MEDIUM
178,96,2,MEDIUM,Testing,0,499,LOW
142,114,5,ADMIN,Development,0,547,MEDIUM
37,190,1,HIGH,Production,2,506,HIGH
70,349,1,ADMIN,Production,0,12,MEDIUM
89,85,0,HIGH,Development,0,726,LOW
19,167,1,LOW,Staging,0,852,LOW
70,244,3,LOW,Staging,2,104,MEDIUM
125,77,3,MEDIUM,Staging,0,116,MEDIUM
19,271,6,HIGH,Staging,0,610,HIGH
23,121,4,MEDIUM,Production,0,882,HIGH
25,167,5,MEDIUM,Production,0,430,HIGH
6,362,1,MEDIUM,Production,0,763,HIGH
58,163,4,MEDIUM,Testing,1,299,MEDIUM
10,171,0,LOW,Development,2,11,MEDIUM
45,119,0,LOW,Testing,0,663,LOW
1,175,2,ADMIN,Testing,0,653,HIGH
127,269,3,MEDIUM,Production,0,639,MEDIUM
59,150,3,MEDIUM,Testing,0,11,LOW
117,36,2,HIGH,Development,1,182,MEDIUM
5,311,0,HIGH,Production,1,12,HIGH
87,213,1,HIGH,Production,0,739,MEDIUM
56,341,2,MEDIUM,Production,0,926,MEDIUM
25,195,1,MEDIUM,Staging,0,38,MEDIUM
88,53,1,HIGH,Staging,0,191,MEDIUM
35,102,2,ADMIN,Production,0,227,HIGH
4,291,5,HIGH,Testing,0,426,HIGH
3,156,1,ADMIN,Testing,0,247,HIGH
5,285,6,MEDIUM,Testing,0,130,MEDIUM
15,11,2,HIGH,Production,0,264,HIGH
88,299,2,ADMIN,Production,0,183,HIGH
29,270,5,LOW,Production,0,224,HIGH
5,77,0,ADMIN,Production,0,105,HIGH
3,23,1,MEDIUM,Development,0,626,MEDIUM
74,361,5,HIGH,Production,0,370,HIGH
9,155,1,HIGH,Development,0,88,MEDIUM
11,84,6,ADMIN,Production,1,589,HIGH
67,301,3,ADMIN,Testing,0,99,MEDIUM
116,296,2,MEDIUM,Staging,0,220,MEDIUM
56,78,0,MEDIUM,Production,0,892,MEDIUM
7,59,3,HIGH,Production,0,96,HIGH
33,17,2,MEDIUM,Development,0,682,LOW
90,110,0,MEDIUM,Production,0,446,MEDIUM
72,267,0,LOW,Staging,0,293,LOW
108,5,2,LOW,Development,0,142,LOW
43,180,3,MEDIUM,Development,1,72,MEDIUM
73,66,4,HIGH,Production,0,848,HIGH
12,184,2,LOW,Development,0,401,LOW
1,247,6,ADMIN,Staging,0,375,HIGH
34,32,2,MEDIUM,Production,0,92,MEDIUM
107,272,3,ADMIN,Production,1,355,HIGH
1,31,0,ADMIN,Staging,0,934,HIGH
58,190,2,ADMIN,Testing,0,361,MEDIUM
5,129,2,MEDIUM,Staging,0,50,MEDIUM
44,212,2,HIGH,Production,0,413,HIGH
64,265,0,ADMIN,Staging,0,380,MEDIUM
18,101,2,LOW,Production,0,109,MEDIUM
10,272,6,MEDIUM,Staging,0,209,MEDIUM
8,179,2,LOW,Production,0,368,MEDIUM
6,3,1,HIGH,Production,3,827,HIGH
90,202,2,LOW,Testing,0,366,LOW
98,207,2,MEDIUM,Production,0,343,MEDIUM
9,240,0,LOW,Production,0,25,MEDIUM
180,324,3,MEDIUM,Production,0,327,MEDIUM
33,257,0,ADMIN,Staging,0,667,MEDIUM
2,238,2,HIGH,Production,0,838,HIGH
139,77,1,HIGH,Production,0,55,MEDIUM
13,108,3,MEDIUM,Production,2,690,HIGH
3,136,1,MEDIUM,Production,0,681,HIGH
1,211,0,LOW,Development,0,686,MEDIUM
160,43,1,HIGH,Production,0,773,MEDIUM
3,228,7,MEDIUM,Production,0,555,HIGH
142,156,2,MEDIUM,Production,0,128,MEDIUM
26,6,2,ADMIN,Production,0,31,HIGH
73,93,4,LOW,Staging,0,92,LOW
63,303,1,MEDIUM,Staging,0,691,LOW
176,245,3,ADMIN,Production,0,49,HIGH
10,182,2,LOW,Production,0,570,MEDIUM
18,236,2,LOW,Production,1,679,HIGH
90,145,4,MEDIUM,Production,0,564,MEDIUM
48,78,0,MEDIUM,Staging,0,579,LOW
79,209,1,MEDIUM,Staging,0,5,LOW
56,117,3,MEDIUM,Production,1,145,HIGH
27,320,4,MEDIUM,Testing,0,80,MEDIUM
73,84,8,HIGH,Staging,1,736,HIGH
114,23,5,LOW,Production,0,528,MEDIUM
54,254,0,MEDIUM,Development,0,104,LOW
16,33,2,HIGH,Production,0,923,HIGH
47,280,3,HIGH,Testing,0,934,MEDIUM
11,212,2,ADMIN,Production,3,811,HIGH
55,316,3,MEDIUM,Staging,0,942,MEDIUM
17,160,3,ADMIN,Staging,1,340,HIGH
4,307,3,MEDIUM,Staging,0,708,HIGH
1,243,0,ADMIN,Production,0,68,HIGH
7,364,3,MEDIUM,Staging,0,598,MEDIUM
1,336,3,MEDIUM,Staging,0,144,HIGH
139,350,5,ADMIN,Staging,0,763,MEDIUM
34,135,1,HIGH,Testing,1,323,MEDIUM
65,158,4,ADMIN,Staging,2,201,HIGH
7,208,5,HIGH,Production,0,879,HIGH
37,310,3,HIGH,Production,0,59,HIGH
5,93,7,ADMIN,Development,0,443,HIGH
56,314,0,MEDIUM,Testing,0,85,LOW
89,129,2,HIGH,Development,0,402,MEDIUM
61,203,2,LOW,Testing,0,577,LOW
92,140,2,ADMIN,Development,3,423,HIGH
105,28,1,ADMIN,Production,0,758,MEDIUM
75,273,0,MEDIUM,Production,0,843,MEDIUM
39,356,4,MEDIUM,Production,0,904,MEDIUM
4,335,1,HIGH,Staging,0,351,HIGH
110,230,1,ADMIN,Production,0,788,MEDIUM
59,125,3,ADMIN,Production,0,699,HIGH
65,38,5,MEDIUM,Production,0,17,MEDIUM
7,326,1,LOW,Production,0,816,MEDIUM
16,118,5,MEDIUM,Testing,0,883,MEDIUM
24,259,1,HIGH,Testing,1,867,MEDIUM
176,134,1,ADMIN,Production,0,549,MEDIUM
4,361,4,MEDIUM,Staging,0,662,HIGH
6,275,2,HIGH,Production,0,681,HIGH
64,354,2,MEDIUM,Staging,0,327,MEDIUM
84,130,1,HIGH,Production,0,96,MEDIUM
7,105,4,ADMIN,Testing,0,611,HIGH
38,256,0,MEDIUM,Production,1,165,MEDIUM
162,86,0,MEDIUM,Testing,0,124,LOW
10,223,1,LOW,Development,0,35,LOW
3,43,4,HIGH,Production,0,397,HIGH
49,329,6,MEDIUM,Production,0,778,MEDIUM
14,302,1,MEDIUM,Development,0,105,LOW
1,143,6,LOW,Development,2,607,HIGH
30,343,1,HIGH,Staging,0,80,MEDIUM
76,116,8,HIGH,Development,0,462,MEDIUM
61,8,1,LOW,Production,0,204,LOW
65,208,1,MEDIUM,Production,0,808,MEDIUM
64,249,4,LOW,Development,0,36,LOW
85,194,0,MEDIUM,Staging,0,134,LOW
85,287,4,LOW,Development,0,20,LOW
12,262,1,LOW,Staging,2,476,MEDIUM
49,39,0,MEDIUM,Production,0,859,MEDIUM
7,73,3,LOW,Production,0,529,HIGH
3,284,1,MEDIUM,Production,0,502,HIGH
5,188,2,LOW,Production,0,593,HIGH
15,28,2,HIGH,Development,0,144,MEDIUM
132,144,0,ADMIN,Staging,0,537,MEDIUM
75,124,0,ADMIN,Production,3,79,HIGH
35,288,3,ADMIN,Staging,0,65,MEDIUM
104,337,0,MEDIUM,Development,0,87,LOW
5,23,0,LOW,Production,0,445,MEDIUM
88,335,0,HIGH,Production,0,809,MEDIUM
6,291,2,HIGH,Staging,0,573,HIGH
12,242,4,ADMIN,Production,0,755,HIGH
43,43,1,HIGH,Development,0,797,LOW
80,207,1,MEDIUM,Development,0,484,LOW
47,124,1,LOW,Testing,1,435,LOW
9,302,2,MEDIUM,Production,3,262,HIGH
25,117,1,ADMIN,Testing,3,934,HIGH
25,229,4,HIGH,Production,2,726,HIGH
137,82,1,MEDIUM,Development,0,849,LOW
33,159,3,LOW,Development,0,619,LOW
155,49,3,LOW,Development,0,150,LOW
7,325,0,MEDIUM,Staging,0,384,MEDIUM
91,342,0,MEDIUM,Testing,0,326,LOW
41,359,5,ADMIN,Production,0,118,HIGH
74,226,3,ADMIN,Staging,0,37,MEDIUM
76,238,2,LOW,Production,0,367,MEDIUM
2,202,1,MEDIUM,Production,0,226,HIGH
1,143,1,HIGH,Testing,2,904,HIGH
10,315,5,LOW,Staging,2,674,HIGH
122,352,2,HIGH,Staging,0,375,MEDIUM
67,204,2,LOW,Staging,2,935,MEDIUM
7,357,5,LOW,Production,3,517,HIGH
43,158,2,HIGH,Staging,2,388,HIGH
22,5,1,LOW,Testing,0,853,LOW
6,55,2,MEDIUM,Development,0,601,MEDIUM
15,49,0,LOW,Development,0,37,LOW
46,277,2,HIGH,Production,0,264,HIGH
4,70,3,LOW,Staging,0,922,MEDIUM
26,290,5,ADMIN,Production,0,612,HIGH
120,124,2,HIGH,Production,1,188,HIGH
7,131,2,ADMIN,Production,0,30,HIGH
82,116,3,LOW,Production,0,190,MEDIUM
81,88,0,HIGH,Development,1,542,MEDIUM
2,55,4,MEDIUM,Production,0,221,HIGH
87,238,3,MEDIUM,Production,0,725,MEDIUM
134,246,2,MEDIUM,Production,1,623,MEDIUM
24,89,4,LOW,Testing,0,908,MEDIUM
5,28,1,LOW,Staging,0,306,MEDIUM
5,143,1,HIGH,Production,3,675,HIGH
57,364,1,LOW,Staging,0,134,LOW
28,357,0,HIGH,Production,1,138,HIGH
1,67,2,MEDIUM,Production,0,912,HIGH
29,305,1,MEDIUM,Development,1,472,MEDIUM
4,37,3,MEDIUM,Production,0,617,HIGH
139,21,5,HIGH,Development,0,772,MEDIUM
84,35,3,LOW,Testing,0,159,LOW
62,188,2,HIGH,Production,1,866,HIGH
55,79,0,ADMIN,Production,0,408,MEDIUM
3,221,1,LOW,Staging,0,318,MEDIUM
31,193,1,LOW,Production,0,871,LOW
4,211,3,LOW,Development,1,761,MEDIUM
3,264,5,HIGH,Staging,0,45,HIGH
4,123,3,MEDIUM,Production,1,733,HIGH
45,123,5,HIGH,Development,0,293,MEDIUM
34,116,1,ADMIN,Testing,2,839,MEDIUM
84,271,2,HIGH,Development,0,741,MEDIUM
7,170,4,ADMIN,Staging,0,734,HIGH
14,289,2,HIGH,Testing,1,407,HIGH
117,65,0,HIGH,Staging,0,383,MEDIUM
89,175,1,HIGH,Development,0,151,LOW
7,123,0,ADMIN,Staging,1,287,HIGH
4,147,0,MEDIUM,Development,0,276,MEDIUM
21,163,5,MEDIUM,Production,0,834,HIGH
178,16,2,MEDIUM,Development,0,129,LOW
2,282,2,MEDIUM,Production,1,575,HIGH
58,133,1,LOW,Staging,0,916,LOW
173,347,0,LOW,Production,0,820,LOW
5,221,2,HIGH,Staging,0,197,HIGH
96,323,3,LOW,Development,1,838,LOW
72,24,0,MEDIUM,Production,2,500,HIGH
17,100,0,LOW,Testing,0,313,LOW
64,254,8,MEDIUM,Staging,1,208,MEDIUM
40,91,5,MEDIUM,Development,0,665,LOW
138,181,4,HIGH,Development,1,704,MEDIUM
5,316,1,LOW,Staging,0,627,MEDIUM
5,219,0,MEDIUM,Development,0,40,MEDIUM
9,255,4,LOW,Production,0,522,HIGH
9,80,1,HIGH,Production,0,870,HIGH
36,323,2,ADMIN,Testing,0,273,MEDIUM
51,68,0,MEDIUM,Production,2,226,HIGH
63,312,1,ADMIN,Testing,3,359,HIGH
176,324,5,HIGH,Production,0,367,HIGH
3,200,1,MEDIUM,Production,1,814,HIGH
1,204,3,ADMIN,Production,0,112,HIGH
162,63,3,LOW,Production,0,18,MEDIUM
73,147,3,LOW,Testing,0,853,LOW
77,24,1,HIGH,Production,0,79,MEDIUM
145,138,0,ADMIN,Production,0,945,MEDIUM
2,193,2,MEDIUM,Production,0,333,HIGH
82,10,1,MEDIUM,Production,0,167,MEDIUM
3,158,0,LOW,Production,0,254,HIGH
65,208,0,MEDIUM,Production,2,490,HIGH
168,95,0,LOW,Staging,0,696,LOW
28,327,6,MEDIUM,Production,2,706,HIGH
3,196,1,ADMIN,Production,0,529,HIGH
6,82,0,HIGH,Production,0,867,HIGH
17,146,2,MEDIUM,Development,0,6,MEDIUM
50,223,2,ADMIN,Development,0,463,MEDIUM
14,18,1,ADMIN,Production,0,28,HIGH
43,198,7,MEDIUM,Production,0,636,MEDIUM
28,292,3,MEDIUM,Development,0,215,MEDIUM
2,271,1,MEDIUM,Development,0,216,MEDIUM
49,287,4,LOW,Production,0,631,MEDIUM
50,150,3,ADMIN,Staging,0,268,MEDIUM
67,312,1,HIGH,Production,0,883,MEDIUM
125,136,0,MEDIUM,Staging,0,861,LOW
68,66,3,MEDIUM,Production,0,228,MEDIUM
3,5,8,HIGH,Testing,0,461,HIGH
9,266,1,HIGH,Development,0,731,MEDIUM
2,155,1,MEDIUM,Production,0,316,HIGH
5,183,0,LOW,Staging,0,213,MEDIUM
24,170,2,MEDIUM,Production,0,864,HIGH
118,134,3,LOW,Production,0,198,MEDIUM
119,282,1,MEDIUM,Staging,1,308,MEDIUM
2,128,1,LOW,Testing,0,192,MEDIUM
17,297,2,LOW,Staging,0,695,MEDIUM
9,363,5,MEDIUM,Production,0,292,HIGH
36,250,2,MEDIUM,Staging,0,481,MEDIUM
5,188,6,ADMIN,Staging,0,839,HIGH
42,82,1,ADMIN,Production,0,161,MEDIUM
52,56,1,LOW,Production,1,240,MEDIUM
7,220,4,LOW,Development,0,840,MEDIUM
70,162,1,ADMIN,Development,0,182,LOW
89,285,4,MEDIUM,Staging,1,179,MEDIUM
9,35,6,LOW,Staging,0,833,MEDIUM
111,339,4,ADMIN,Production,0,907,HIGH
16,53,4,MEDIUM,Staging,0,656,MEDIUM
167,94,6,MEDIUM,Production,0,373,MEDIUM
5,259,5,LOW,Production,0,164,HIGH
20,131,5,LOW,Staging,0,155,MEDIUM
67,52,0,MEDIUM,Testing,0,53,LOW
135,284,2,MEDIUM,Development,1,633,MEDIUM
9,19,4,ADMIN,Development,2,617,HIGH
53,57,2,LOW,Development,0,150,LOW
15,84,0,ADMIN,Testing,1,158,MEDIUM
82,331,1,MEDIUM,Development,2,935,MEDIUM
14,10,1,HIGH,Development,1,516,MEDIUM
60,6,5,MEDIUM,Production,0,391,MEDIUM
14,132,3,HIGH,Production,1,411,HIGH
6,255,2,HIGH,Production,0,168,HIGH
10,43,0,MEDIUM,Testing,0,33,LOW
1,211,1,MEDIUM,Production,0,330,HIGH
15,79,3,HIGH,Staging,0,642,HIGH
21,133,3,HIGH,Production,0,689,HIGH
72,21,0,LOW,Production,0,877,LOW
113,49,6,HIGH,Testing,0,83,MEDIUM
4,223,2,MEDIUM,Staging,0,416,HIGH
51,30,1,LOW,Staging,3,773,MEDIUM
163,255,2,HIGH,Development,0,255,LOW
127,205,3,MEDIUM,Production,0,126,MEDIUM
42,224,4,HIGH,Production,0,202,HIGH
4,112,4,MEDIUM,Development,0,755,MEDIUM
10,209,2,MEDIUM,Production,0,632,HIGH
1,282,0,HIGH,Staging,0,447,HIGH
3,101,3,LOW,Production,0,203,HIGH
18,92,1,LOW,Production,1,925,MEDIUM
5,290,4,HIGH,Staging,0,466,HIGH
122,91,4,HIGH,Staging,3,216,HIGH
14,43,2,MEDIUM,Testing,0,909,MEDIUM
5,283,1,MEDIUM,Production,0,5,HIGH
88,79,0,LOW,Testing,0,525,LOW
77,167,3,LOW,Production,0,722,MEDIUM
2,323,3,ADMIN,Development,1,176,HIGH
4,39,3,ADMIN,Development,0,460,MEDIUM
68,274,3,LOW,Testing,0,311,LOW
83,193,1,MEDIUM,Staging,2,413,MEDIUM
6,230,1,HIGH,Production,0,612,HIGH
69,322,3,ADMIN,Production,0,760,HIGH
22,317,2,LOW,Staging,0,316,MEDIUM
3,305,2,MEDIUM,Development,0,514,MEDIUM
100,100,4,MEDIUM,Staging,1,872,MEDIUM
22,205,3,MEDIUM,Staging,0,551,MEDIUM
3,310,1,MEDIUM,Development,0,830,MEDIUM
4,235,0,LOW,Staging,0,571,MEDIUM
16,54,4,LOW,Production,0,903,MEDIUM
61,277,2,MEDIUM,Production,0,759,MEDIUM
144,122,0,HIGH,Production,2,462,HIGH
14,200,4,ADMIN,Production,0,611,HIGH
8,50,2,HIGH,Testing,0,201,MEDIUM
3,246,5,ADMIN,Production,1,674,HIGH
38,219,1,MEDIUM,Development,0,53,LOW
167,202,2,ADMIN,Staging,0,437,MEDIUM
5,65,0,ADMIN,Production,1,630,HIGH
6,93,0,ADMIN,Production,0,246,HIGH
6,158,2,HIGH,Staging,0,559,HIGH
5,119,2,HIGH,Staging,0,505,HIGH
6,306,0,ADMIN,Production,0,408,HIGH
4,328,0,LOW,Development,2,511,MEDIUM
27,346,1,HIGH,Development,0,190,MEDIUM
3,60,7,MEDIUM,Production,0,382,HIGH
1,158,2,MEDIUM,Production,0,470,HIGH
19,271,3,MEDIUM,Staging,1,307,MEDIUM
68,293,2,HIGH,Development,0,872,LOW
2,100,0,LOW,Testing,0,90,MEDIUM
167,219,6,LOW,Testing,0,523,LOW
19,244,1,LOW,Production,0,573,MEDIUM
38,210,1,MEDIUM,Production,0,340,MEDIUM
163,183,2,MEDIUM,Production,0,304,MEDIUM
139,304,4,MEDIUM,Staging,0,71,MEDIUM
5,193,3,LOW,Testing,0,932,MEDIUM
3,305,2,HIGH,Staging,0,596,HIGH
37,210,3,ADMIN,Development,0,299,MEDIUM
79,235,2,MEDIUM,Development,0,579,LOW
28,267,0,MEDIUM,Testing,0,118,MEDIUM
22,276,3,LOW,Production,1,871,HIGH
65,232,5,LOW,Production,0,341,MEDIUM
81,106,2,MEDIUM,Production,0,168,MEDIUM
42,108,2,MEDIUM,Production,0,449,MEDIUM
1,173,2,LOW,Production,1,28,HIGH
59,190,1,HIGH,Production,0,440,HIGH
10,259,2,MEDIUM,Testing,0,744,MEDIUM
14,63,0,HIGH,Production,0,603,HIGH
5,162,1,LOW,Development,0,441,LOW
103,63,0,LOW,Development,0,905,LOW
134,272,2,LOW,Development,0,416,LOW
24,126,1,MEDIUM,Development,0,638,LOW
36,150,2,LOW,Development,0,671,LOW
5,178,4,MEDIUM,Staging,0,393,HIGH
156,242,2,MEDIUM,Staging,0,880,MEDIUM
134,152,1,MEDIUM,Development,0,831,LOW
33,357,2,LOW,Staging,2,654,MEDIUM
3,192,7,MEDIUM,Testing,0,690,HIGH
8,107,2,LOW,Production,2,526,HIGH
38,118,2,MEDIUM,Testing,0,27,LOW
56,338,5,MEDIUM,Production,0,713,MEDIUM
63,164,4,MEDIUM,Testing,0,881,MEDIUM
7,137,5,HIGH,Production,0,440,HIGH
84,18,1,ADMIN,Production,2,609,HIGH
14,184,7,MEDIUM,Production,0,244,HIGH
2,5,3,MEDIUM,Staging,0,120,HIGH
7,69,1,MEDIUM,Testing,0,45,MEDIUM
70,183,2,LOW,Testing,0,279,LOW
1,111,1,LOW,Production,0,804,HIGH
27,325,6,MEDIUM,Staging,0,288,MEDIUM
140,295,2,MEDIUM,Production,0,387,MEDIUM
5,356,3,MEDIUM,Development,0,434,MEDIUM
9,221,0,MEDIUM,Development,0,56,LOW
2,78,4,LOW,Production,0,348,HIGH
5,279,2,LOW,Production,0,481,HIGH
23,289,7,MEDIUM,Production,0,477,HIGH
4,56,1,MEDIUM,Staging,1,584,HIGH
1,130,1,MEDIUM,Development,2,797,HIGH
67,36,2,MEDIUM,Staging,0,267,MEDIUM
5,74,0,MEDIUM,Staging,0,152,MEDIUM
40,299,1,LOW,Staging,0,461,LOW
32,216,3,MEDIUM,Production,0,101,MEDIUM
60,286,0,LOW,Staging,2,142,MEDIUM
3,19,0,MEDIUM,Staging,0,688,HIGH
82,208,8,ADMIN,Development,0,755,MEDIUM
66,264,3,MEDIUM,Production,0,479,MEDIUM
1,119,2,LOW,Staging,0,95,MEDIUM
7,224,1,LOW,Testing,0,589,LOW
7,102,4,HIGH,Production,2,290,HIGH
2,294,7,MEDIUM,Production,0,285,HIGH
41,252,3,LOW,Production,0,892,MEDIUM
1,281,2,ADMIN,Development,0,303,HIGH
2,265,2,ADMIN,Production,0,586,HIGH
165,48,1,LOW,Testing,0,647,LOW
90,298,3,LOW,Development,2,596,MEDIUM
31,173,1,HIGH,Production,3,89,HIGH
7,26,0,ADMIN,Testing,0,866,MEDIUM
106,126,6,MEDIUM,Testing,0,103,MEDIUM
47,294,7,LOW,Production,0,23,MEDIUM
10,123,1,MEDIUM,Development,0,462,LOW
125,222,2,ADMIN,Staging,0,102,MEDIUM
160,353,2,LOW,Development,2,673,LOW
4,272,1,MEDIUM,Staging,1,513,HIGH
81,99,2,MEDIUM,Staging,0,232,MEDIUM
1,287,6,MEDIUM,Staging,0,344,HIGH
171,178,2,LOW,Development,0,892,LOW
4,136,2,LOW,Testing,0,92,MEDIUM
32,90,1,LOW,Development,1,586,LOW
2,136,6,ADMIN,Production,0,16,HIGH
50,157,3,MEDIUM,Production,1,455,HIGH
3,46,1,LOW,Production,0,516,HIGH
6,180,2,HIGH,Production,0,507,HIGH
6,235,3,MEDIUM,Testing,0,468,MEDIUM
90,79,5,MEDIUM,Testing,0,83,MEDIUM
156,139,4,HIGH,Testing,0,483,MEDIUM
3,212,7,HIGH,Production,0,527,HIGH
131,108,1,MEDIUM,Staging,0,434,LOW
11,327,2,HIGH,Testing,0,760,MEDIUM
56,145,3,LOW,Production,0,131,MEDIUM
66,238,1,HIGH,Development,1,444,MEDIUM
86,34,2,LOW,Staging,0,825,LOW
16,51,4,LOW,Production,3,191,HIGH
2,96,1,HIGH,Development,0,730,HIGH
8,52,3,MEDIUM,Production,0,522,HIGH
1,229,2,ADMIN,Staging,0,623,HIGH
9,244,4,LOW,Testing,0,773,MEDIUM
3,54,5,HIGH,Production,0,910,HIGH
47,146,4,HIGH,Testing,0,846,MEDIUM
10,173,2,ADMIN,Production,0,28,HIGH
24,240,2,LOW,Production,0,237,MEDIUM
66,316,2,ADMIN,Production,1,137,HIGH
61,275,1,HIGH,Testing,0,237,LOW
42,345,3,ADMIN,Development,0,808,MEDIUM
4,151,1,ADMIN,Staging,0,223,HIGH
68,197,3,ADMIN,Testing,0,569,MEDIUM
55,183,0,MEDIUM,Staging,0,126,LOW
51,209,5,HIGH,Staging,1,402,HIGH
96,333,2,MEDIUM,Development,0,805,LOW
65,148,2,HIGH,Development,0,72,LOW
82,162,5,LOW,Staging,0,108,LOW
66,207,3,LOW,Staging,0,688,LOW
2,167,0,HIGH,Testing,0,784,HIGH
63,63,1,MEDIUM,Staging,0,350,LOW
100,253,1,HIGH,Staging,0,244,MEDIUM
4,328,0,HIGH,Production,0,617,HIGH
12,190,4,LOW,Production,0,478,MEDIUM
7,257,2,LOW,Production,0,829,HIGH
5,250,1,HIGH,Staging,2,547,HIGH
84,167,3,LOW,Development,0,397,LOW
20,76,5,MEDIUM,Development,0,533,MEDIUM
2,335,5,ADMIN,Production,0,152,HIGH
161,206,2,LOW,Production,0,371,MEDIUM
84,209,5,LOW,Production,0,821,MEDIUM
7,356,1,ADMIN,Staging,0,245,HIGH
23,43,6,MEDIUM,Staging,0,879,MEDIUM
74,211,2,ADMIN,Production,0,517,HIGH
19,40,2,MEDIUM,Production,1,252,HIGH
44,67,2,MEDIUM,Production,0,66,MEDIUM
37,238,4,LOW,Production,0,506,MEDIUM
41,81,3,LOW,Production,0,121,MEDIUM
113,218,6,HIGH,Staging,0,603,MEDIUM
1,137,1,LOW,Testing,0,512,MEDIUM
150,10,6,LOW,Production,1,87,MEDIUM
29,102,1,LOW,Production,0,474,MEDIUM
5,143,4,ADMIN,Development,0,252,HIGH
4,81,5,LOW,Testing,0,632,MEDIUM
27,81,8,MEDIUM,Production,0,558,HIGH
45,153,7,LOW,Testing,0,444,LOW
22,88,2,HIGH,Development,0,664,MEDIUM
70,12,2,ADMIN,Staging,0,884,MEDIUM
54,12,1,MEDIUM,Production,0,686,MEDIUM
100,154,5,LOW,Production,0,38,MEDIUM
13,99,1,MEDIUM,Staging,0,176,MEDIUM
28,31,0,LOW,Staging,1,236,MEDIUM
85,284,4,MEDIUM,Testing,0,807,MEDIUM
13,84,2,LOW,Staging,0,836,MEDIUM
39,47,1,MEDIUM,Production,0,459,MEDIUM
6,29,0,HIGH,Production,0,513,HIGH
6,8,1,LOW,Production,0,892,MEDIUM
70,93,1,LOW,Staging,0,239,LOW
12,78,3,MEDIUM,Development,0,944,MEDIUM
27,118,0,MEDIUM,Staging,0,167,MEDIUM
6,362,0,ADMIN,Production,0,240,HIGH
2,328,0,MEDIUM,Testing,0,866,MEDIUM
28,65,1,ADMIN,Development,0,885,MEDIUM
83,346,1,ADMIN,Development,2,815,MEDIUM
1,253,3,LOW,Development,1,208,MEDIUM
136,30,1,ADMIN,Testing,0,560,LOW
52,184,3,ADMIN,Production,0,854,HIGH
7,89,0,LOW,Production,0,412,MEDIUM
118,327,5,HIGH,Production,0,87,HIGH
3,55,2,MEDIUM,Production,0,819,HIGH
22,302,4,HIGH,Production,1,666,HIGH
1,292,2,ADMIN,Development,0,811,HIGH
13,69,2,HIGH,Development,0,945,MEDIUM
1,146,3,MEDIUM,Production,0,242,HIGH
54,91,0,LOW,Production,0,479,LOW
8,11,6,ADMIN,Development,0,502,MEDIUM
90,29,2,MEDIUM,Production,0,137,MEDIUM
8,238,1,LOW,Staging,0,97,LOW
117,102,4,MEDIUM,Production,0,663,MEDIUM
108,51,1,HIGH,Testing,0,841,MEDIUM
60,199,2,ADMIN,Staging,0,435,MEDIUM
5,24,4,HIGH,Testing,1,833,HIGH
2,45,4,MEDIUM,Development,0,635,MEDIUM
9,113,2,LOW,Production,0,278,MEDIUM
58,257,4,MEDIUM,Development,0,464,LOW
17,116,1,ADMIN,Production,0,433,HIGH
13,362,1,LOW,Production,0,8,MEDIUM
6,201,3,LOW,Production,0,803,HIGH
5,219,0,LOW,Production,0,668,MEDIUM
5,109,2,HIGH,Production,0,389,HIGH
47,68,3,HIGH,Development,0,244,MEDIUM
1,191,4,ADMIN,Production,0,589,HIGH
41,6,4,LOW,Development,0,46,LOW
8,220,0,HIGH,Production,1,238,HIGH
14,226,3,MEDIUM,Production,0,419,HIGH
13,244,5,HIGH,Production,0,799,HIGH
24,112,2,LOW,Development,0,617,LOW
26,87,3,LOW,Production,0,894,MEDIUM
18,12,4,HIGH,Production,0,589,HIGH
173,217,4,HIGH,Development,0,563,MEDIUM
4,32,4,HIGH,Testing,0,171,HIGH
82,261,4,ADMIN,Production,0,585,HIGH
40,105,4,ADMIN,Production,0,97,HIGH
7,301,1,ADMIN,Production,0,740,HIGH
121,155,3,MEDIUM,Production,0,713,MEDIUM
32,33,3,MEDIUM,Development,1,454,LOW
162,143,3,MEDIUM,Development,0,60,LOW
3,242,2,HIGH,Production,2,400,HIGH
134,271,2,ADMIN,Production,0,929,HIGH
6,335,2,LOW,Testing,0,209,MEDIUM
167,212,3,HIGH,Testing,0,905,MEDIUM
24,206,1,LOW,Development,0,429,LOW
51,10,2,HIGH,Production,0,680,HIGH
72,46,0,MEDIUM,Production,0,438,MEDIUM
11,68,0,HIGH,Testing,0,141,MEDIUM
113,216,1,LOW,Production,1,275,MEDIUM
72,172,8,LOW,Staging,0,901,LOW
175,74,1,LOW,Production,0,387,LOW
12,5,1,MEDIUM,Staging,1,588,MEDIUM
70,230,0,HIGH,Production,1,305,HIGH
6,218,1,MEDIUM,Staging,0,721,MEDIUM
122,360,1,MEDIUM,Production,1,527,MEDIUM
23,365,2,LOW,Production,0,207,MEDIUM
82,320,7,LOW,Testing,0,604,LOW
7,26,6,MEDIUM,Development,0,542,MEDIUM
8,233,6,LOW,Staging,0,422,MEDIUM
89,281,1,ADMIN,Development,0,571,LOW
62,191,5,ADMIN,Production,0,313,HIGH
123,127,0,MEDIUM,Development,0,545,LOW
3,3,5,ADMIN,Production,0,55,HIGH
84,35,6,HIGH,Production,0,672,HIGH
2,265,4,ADMIN,Production,0,160,HIGH
68,330,1,HIGH,Testing,0,309,MEDIUM
17,364,3,HIGH,Development,0,192,MEDIUM
168,53,3,HIGH,Staging,0,932,MEDIUM
28,68,5,LOW,Production,0,679,HIGH
1,270,2,HIGH,Staging,0,496,HIGH
50,158,2,HIGH,Development,0,172,LOW
23,208,0,ADMIN,Staging,0,506,MEDIUM
19,295,4,HIGH,Production,0,51,HIGH
26,108,2,MEDIUM,Development,0,754,MEDIUM
49,139,2,MEDIUM,Development,0,772,LOW
35,241,2,MEDIUM,Testing,0,780,LOW
3,356,1,HIGH,Production,0,889,HIGH
2,38,2,MEDIUM,Production,0,6,HIGH
4,318,1,MEDIUM,Staging,0,621,MEDIUM
23,301,1,ADMIN,Production,1,17,HIGH
93,128,3,MEDIUM,Production,0,564,MEDIUM
29,83,4,LOW,Development,0,45,LOW
171,11,3,MEDIUM,Staging,0,17,MEDIUM
10,224,3,MEDIUM,Development,0,213,MEDIUM
34,240,1,MEDIUM,Production,1,520,MEDIUM
63,22,2,ADMIN,Testing,0,700,MEDIUM
84,145,5,MEDIUM,Production,0,209,MEDIUM
37,284,1,ADMIN,Production,0,171,MEDIUM
11,152,8,LOW,Production,0,693,MEDIUM
88,244,2,LOW,Testing,0,733,LOW
74,328,5,MEDIUM,Staging,0,773,MEDIUM
15,249,4,MEDIUM,Development,3,140,HIGH
120,71,3,LOW,Testing,0,552,LOW
44,25,1,LOW,Staging,1,407,LOW
7,272,5,MEDIUM,Staging,0,653,HIGH
86,304,0,HIGH,Production,0,829,MEDIUM
6,81,3,HIGH,Production,0,476,HIGH
85,96,7,MEDIUM,Production,0,643,MEDIUM
154,339,1,MEDIUM,Production,1,650,MEDIUM
69,169,1,LOW,Production,0,575,LOW
71,146,5,MEDIUM,Development,1,785,MEDIUM
27,64,2,ADMIN,Staging,0,327,HIGH
82,159,2,MEDIUM,Production,0,15,MEDIUM
7,33,1,ADMIN,Staging,0,77,HIGH
45,47,2,LOW,Staging,1,328,MEDIUM
4,39,1,MEDIUM,Production,0,319,HIGH
7,349,4,MEDIUM,Production,0,944,HIGH
67,269,3,LOW,Production,0,450,MEDIUM
26,64,2,ADMIN,Testing,0,335,MEDIUM
20,240,0,MEDIUM,Production,0,253,MEDIUM
122,329,0,HIGH,Testing,0,31,MEDIUM
85,310,3,MEDIUM,Production,0,703,MEDIUM
114,69,1,MEDIUM,Development,0,840,LOW
86,133,1,HIGH,Staging,0,247,MEDIUM
6,352,1,HIGH,Production,0,262,HIGH
79,151,0,LOW,Production,2,511,MEDIUM
27,165,5,HIGH,Production,0,280,HIGH
51,312,3,LOW,Production,0,231,MEDIUM
6,222,8,LOW,Development,0,159,MEDIUM
14,260,3,MEDIUM,Testing,0,412,MEDIUM
31,27,1,MEDIUM,Production,0,348,MEDIUM
3,20,3,LOW,Production,0,309,HIGH
173,243,4,LOW,Production,0,176,MEDIUM
2,21,1,MEDIUM,Production,0,829,HIGH
16,230,1,ADMIN,Production,0,666,HIGH
84,307,4,LOW,Production,0,940,MEDIUM
31,339,1,MEDIUM,Production,1,798,MEDIUM
123,52,0,MEDIUM,Testing,0,566,LOW
29,148,2,ADMIN,Production,0,262,HIGH
180,84,0,HIGH,Development,0,610,LOW
7,204,3,HIGH,Testing,0,717,HIGH
44,280,3,HIGH,Production,0,678,HIGH
34,103,3,HIGH,Production,0,662,HIGH
20,220,3,MEDIUM,Staging,0,585,MEDIUM
170,228,1,MEDIUM,Production,0,127,MEDIUM
21,4,0,MEDIUM,Development,0,927,LOW
52,268,6,MEDIUM,Staging,0,774,MEDIUM
13,3,0,ADMIN,Production,0,462,HIGH
17,213,1,HIGH,Staging,0,114,MEDIUM
80,242,6,ADMIN,Development,0,825,MEDIUM
58,120,4,LOW,Production,1,893,MEDIUM
96,153,4,LOW,Development,0,943,LOW
9,25,2,HIGH,Staging,0,233,HIGH
48,299,4,HIGH,Development,0,848,MEDIUM
12,79,2,MEDIUM,Production,0,376,HIGH
18,182,4,MEDIUM,Staging,0,712,MEDIUM
172,294,1,ADMIN,Production,0,349,MEDIUM
3,316,1,HIGH,Production,0,897,HIGH
89,72,1,LOW,Production,0,866,LOW
45,226,3,MEDIUM,Testing,0,550,LOW
50,218,3,MEDIUM,Production,3,708,HIGH
51,203,3,LOW,Production,1,288,MEDIUM
1,330,1,MEDIUM,Development,0,738,MEDIUM
7,228,1,MEDIUM,Production,0,417,HIGH
158,47,2,MEDIUM,Development,0,306,LOW
50,304,4,ADMIN,Production,2,161,HIGH
28,258,6,MEDIUM,Staging,0,160,MEDIUM
9,140,5,LOW,Testing,0,647,MEDIUM
22,133,0,LOW,Production,0,435,MEDIUM
65,232,3,MEDIUM,Production,0,72,MEDIUM
25,312,4,LOW,Staging,0,176,MEDIUM
25,269,0,MEDIUM,Production,0,22,MEDIUM
1,59,6,MEDIUM,Production,0,622,HIGH
3,291,3,HIGH,Development,0,664,HIGH
1,206,1,HIGH,Staging,0,615,HIGH
61,74,1,LOW,Development,0,241,LOW
168,24,1,ADMIN,Staging,0,435,MEDIUM
119,98,1,MEDIUM,Production,0,18,MEDIUM
175,112,0,MEDIUM,Production,0,652,MEDIUM
29,330,0,HIGH,Development,0,622,MEDIUM
6,160,1,HIGH,Production,0,219,HIGH
174,53,4,LOW,Development,2,668,MEDIUM
25,202,4,ADMIN,Production,0,621,HIGH
70,73,1,LOW,Development,2,828,LOW
57,151,0,MEDIUM,Production,0,242,MEDIUM
6,69,3,MEDIUM,Production,0,781,HIGH
26,83,3,HIGH,Production,0,155,HIGH
80,70,2,LOW,Production,0,577,MEDIUM
15,193,5,HIGH,Staging,0,75,HIGH
2,239,5,HIGH,Production,0,818,HIGH
13,324,2,MEDIUM,Staging,0,670,MEDIUM
2,7,6,HIGH,Development,1,83,HIGH
127,51,1,LOW,Production,0,862,LOW
68,105,3,MEDIUM,Staging,1,299,MEDIUM
56,124,7,ADMIN,Development,0,34,MEDIUM
67,363,4,MEDIUM,Production,0,917,MEDIUM
139,212,2,MEDIUM,Development,0,147,LOW
6,66,0,HIGH,Testing,0,230,MEDIUM
147,284,1,MEDIUM,Staging,0,371,LOW
7,156,1,LOW,Production,0,285,MEDIUM
19,203,5,HIGH,Staging,0,319,HIGH
25,66,1,HIGH,Development,0,603,MEDIUM
27,81,3,MEDIUM,Production,0,454,HIGH
6,281,1,ADMIN,Staging,2,765,HIGH
127,131,5,MEDIUM,Production,0,149,MEDIUM
121,34,1,ADMIN,Development,0,392,LOW
7,48,0,HIGH,Production,0,607,HIGH
108,5,1,MEDIUM,Production,0,297,MEDIUM
2,271,4,MEDIUM,Staging,0,66,HIGH
50,167,0,HIGH,Development,0,239,LOW
1,234,0,MEDIUM,Production,0,420,HIGH
79,209,3,MEDIUM,Production,0,7,MEDIUM
15,135,1,MEDIUM,Development,0,17,LOW
146,332,3,LOW,Production,0,717,MEDIUM
1,79,0,MEDIUM,Development,0,42,MEDIUM
8,128,1,LOW,Development,0,149,LOW
120,301,0,ADMIN,Development,0,53,LOW
78,39,0,LOW,Staging,0,552,LOW
15,265,1,LOW,Staging,2,820,MEDIUM
84,171,0,LOW,Staging,0,517,LOW
7,299,2,HIGH,Staging,0,279,HIGH
58,243,3,LOW,Development,1,253,LOW
70,183,2,MEDIUM,Staging,0,347,LOW
6,200,7,ADMIN,Production,0,257,HIGH
7,190,1,MEDIUM,Testing,0,600,MEDIUM
58,174,1,LOW,Production,0,710,LOW
6,363,4,MEDIUM,Production,0,950,HIGH
10,331,3,MEDIUM,Production,0,206,HIGH
16,281,1,MEDIUM,Production,0,257,MEDIUM
40,303,3,LOW,Production,0,775,MEDIUM
136,345,6,MEDIUM,Testing,0,408,LOW
1,107,2,MEDIUM,Testing,0,487,HIGH
16,247,6,HIGH,Production,1,24,HIGH
6,63,7,LOW,Production,0,206,HIGH
13,74,3,MEDIUM,Production,3,653,HIGH
44,236,0,HIGH,Development,2,886,MEDIUM
4,341,0,HIGH,Production,0,190,HIGH
60,232,8,HIGH,Production,0,703,HIGH
2,200,0,LOW,Testing,0,796,MEDIUM
69,18,4,LOW,Production,0,236,MEDIUM
57,106,6,ADMIN,Staging,0,818,MEDIUM
98,223,2,LOW,Development,0,80,LOW
31,364,2,ADMIN,Testing,0,795,MEDIUM
40,214,5,HIGH,Development,2,418,HIGH
4,74,0,ADMIN,Testing,1,210,HIGH
110,108,1,ADMIN,Staging,0,67,MEDIUM
3,279,1,MEDIUM,Production,0,811,HIGH
44,51,2,ADMIN,Production,0,872,HIGH
7,267,2,ADMIN,Production,0,301,HIGH
7,249,6,LOW,Development,0,627,MEDIUM
128,97,3,MEDIUM,Staging,0,812,MEDIUM
70,195,0,LOW,Testing,0,298,LOW
1,122,0,HIGH,Development,0,344,HIGH
35,177,1,MEDIUM,Development,3,184,MEDIUM
8,250,3,MEDIUM,Production,0,729,HIGH
24,310,1,MEDIUM,Production,0,617,MEDIUM
71,222,2,LOW,Staging,2,944,MEDIUM
12,45,2,MEDIUM,Production,0,141,HIGH
16,340,0,MEDIUM,Production,0,674,MEDIUM
173,216,5,LOW,Testing,0,811,LOW
8,307,0,MEDIUM,Production,0,828,MEDIUM
5,257,3,MEDIUM,Production,0,896,HIGH
5,80,1,LOW,Production,0,487,MEDIUM
27,1,1,LOW,Staging,0,774,LOW
87,127,1,MEDIUM,Production,0,878,MEDIUM
41,68,6,MEDIUM,Testing,0,452,MEDIUM
66,238,2,HIGH,Staging,0,558,MEDIUM
4,40,3,LOW,Development,1,134,MEDIUM
17,233,1,MEDIUM,Production,1,136,HIGH
55,255,8,LOW,Production,0,732,MEDIUM
68,50,1,HIGH,Testing,0,747,MEDIUM
27,170,2,MEDIUM,Testing,2,941,HIGH
80,143,1,MEDIUM,Production,1,5,MEDIUM
136,267,3,HIGH,Production,0,20,HIGH
6,140,1,HIGH,Staging,1,89,HIGH
57,154,2,LOW,Staging,0,148,LOW
61,83,3,HIGH,Staging,1,307,HIGH
82,346,1,MEDIUM,Staging,0,927,LOW
9,65,1,LOW,Staging,0,355,LOW
18,145,4,ADMIN,Staging,0,34,HIGH
7,232,0,HIGH,Staging,3,223,HIGH
42,165,3,LOW,Staging,2,147,MEDIUM
12,354,3,LOW,Production,0,166,MEDIUM
1,238,2,MEDIUM,Development,0,931,MEDIUM
5,3,1,HIGH,Development,3,844,HIGH
68,155,2,LOW,Staging,2,371,MEDIUM
2,123,3,LOW,Development,0,638,MEDIUM
1,363,2,HIGH,Staging,0,106,HIGH
30,253,0,LOW,Staging,0,367,LOW
7,147,4,MEDIUM,Testing,0,828,MEDIUM
20,274,4,LOW,Testing,0,390,MEDIUM
81,181,1,HIGH,Staging,0,939,MEDIUM
21,177,1,LOW,Development,0,922,LOW
36,245,2,LOW,Production,0,80,MEDIUM
1,245,3,HIGH,Production,0,457,HIGH
7,102,3,HIGH,Development,0,369,MEDIUM
64,189,2,LOW,Production,1,90,MEDIUM
3,126,2,HIGH,Development,0,935,HIGH
3,74,1,HIGH,Staging,0,679,HIGH
61,53,2,ADMIN,Production,0,825,HIGH
117,72,0,MEDIUM,Production,0,286,MEDIUM
13,95,2,LOW,Production,1,902,HIGH
23,177,1,ADMIN,Staging,1,259,HIGH
90,211,1,HIGH,Production,0,305,MEDIUM
2,209,3,LOW,Production,0,428,HIGH
133,74,4,ADMIN,Production,0,436,HIGH
69,360,0,HIGH,Production,0,801,MEDIUM
2,224,5,HIGH,Staging,0,927,HIGH
161,354,6,LOW,Development,0,752,LOW
26,267,1,MEDIUM,Production,0,474,MEDIUM
49,74,4,LOW,Development,0,665,LOW
18,228,0,LOW,Production,0,650,MEDIUM
3,71,5,LOW,Staging,1,32,HIGH
6,130,4,HIGH,Production,1,213,HIGH
2,261,1,HIGH,Staging,2,558,HIGH
3,172,3,MEDIUM,Production,0,944,HIGH
138,144,2,MEDIUM,Staging,1,121,MEDIUM
163,192,0,LOW,Testing,0,916,LOW
20,272,3,LOW,Testing,1,662,MEDIUM
1,145,0,ADMIN,Development,0,361,MEDIUM
4,325,3,ADMIN,Production,0,666,HIGH
2,328,0,MEDIUM,Staging,2,533,HIGH
84,19,0,MEDIUM,Testing,2,43,MEDIUM
88,287,3,MEDIUM,Development,0,723,LOW
157,58,0,LOW,Development,0,851,LOW
29,244,5,MEDIUM,Production,0,890,HIGH
19,277,0,ADMIN,Development,0,340,MEDIUM
46,304,4,LOW,Production,0,294,MEDIUM
22,287,0,MEDIUM,Development,0,557,LOW
2,104,0,ADMIN,Production,0,354,HIGH
23,287,4,ADMIN,Staging,0,329,HIGH
107,190,6,MEDIUM,Development,0,249,LOW
163,65,5,MEDIUM,Development,1,659,MEDIUM
23,60,0,HIGH,Production,0,304,HIGH
7,309,0,LOW,Development,0,89,LOW
43,251,1,LOW,Development,0,58,LOW
37,365,5,HIGH,Staging,2,699,HIGH
19,205,2,HIGH,Production,0,308,HIGH
7,137,0,HIGH,Development,0,380,MEDIUM
55,101,4,ADMIN,Development,0,716,MEDIUM
46,235,0,HIGH,Development,0,494,LOW
81,43,5,MEDIUM,Production,0,768,MEDIUM
31,69,2,LOW,Production,0,739,MEDIUM
162,105,1,MEDIUM,Staging,0,517,LOW
11,292,0,MEDIUM,Production,0,253,MEDIUM
74,12,5,HIGH,Testing,0,511,MEDIUM
7,202,2,HIGH,Production,0,915,HIGH
3,18,3,LOW,Production,0,678,HIGH
50,9,1,MEDIUM,Development,0,577,LOW
7,30,5,MEDIUM,Production,0,207,HIGH
69,46,5,MEDIUM,Testing,0,43,MEDIUM
66,2,4,MEDIUM,Production,0,848,MEDIUM
3,279,5,LOW,Production,0,189,HIGH
90,325,2,LOW,Production,0,253,MEDIUM
4,71,3,MEDIUM,Production,0,73,HIGH
180,235,4,ADMIN,Staging,1,938,HIGH
161,346,4,LOW,Production,0,887,MEDIUM
128,49,2,MEDIUM,Production,3,769,HIGH
57,54,2,HIGH,Staging,0,495,MEDIUM
86,278,4,LOW,Production,0,246,MEDIUM
8,328,1,MEDIUM,Production,2,181,HIGH
63,292,3,LOW,Production,0,664,MEDIUM
66,276,7,ADMIN,Staging,0,303,MEDIUM
51,246,2,LOW,Production,0,622,MEDIUM
1,16,6,MEDIUM,Production,1,302,HIGH
6,36,6,MEDIUM,Development,0,888,MEDIUM
72,158,2,MEDIUM,Staging,0,898,LOW
48,93,2,HIGH,Production,0,860,HIGH
2,73,2,MEDIUM,Testing,0,109,HIGH
10,321,0,LOW,Production,0,590,MEDIUM
6,97,2,LOW,Production,0,126,HIGH
81,11,6,LOW,Production,1,809,MEDIUM
47,232,1,MEDIUM,Development,0,816,LOW
1,329,4,MEDIUM,Production,0,684,HIGH
34,253,4,MEDIUM,Testing,0,316,MEDIUM
48,282,7,MEDIUM,Staging,0,433,MEDIUM
43,118,3,ADMIN,Staging,2,675,HIGH
146,154,2,MEDIUM,Production,0,35,MEDIUM
91,312,1,HIGH,Testing,0,910,LOW
5,125,5,HIGH,Production,0,616,HIGH
8,31,1,ADMIN,Production,0,615,HIGH
5,89,5,MEDIUM,Development,0,781,MEDIUM
153,303,1,LOW,Development,0,949,LOW
3,71,1,HIGH,Staging,3,117,HIGH
52,288,0,HIGH,Staging,0,237,MEDIUM
74,115,4,LOW,Testing,0,857,LOW
40,295,0,LOW,Production,3,175,HIGH
66,195,5,LOW,Production,1,357,MEDIUM
64,347,1,LOW,Development,0,87,LOW
1,245,3,HIGH,Staging,2,357,HIGH
3,214,0,MEDIUM,Production,0,870,HIGH
103,72,4,MEDIUM,Development,0,855,LOW
5,218,0,ADMIN,Production,0,126,HIGH
31,31,2,HIGH,Production,0,622,HIGH
154,160,1,LOW,Production,0,743,LOW
29,347,4,MEDIUM,Production,2,783,HIGH
135,47,3,HIGH,Staging,0,63,MEDIUM
96,75,2,HIGH,Development,0,248,MEDIUM
19,311,3,MEDIUM,Development,0,344,MEDIUM
88,363,1,LOW,Staging,0,451,LOW
72,300,2,MEDIUM,Testing,0,662,LOW
90,200,5,LOW,Development,2,833,MEDIUM
40,28,3,MEDIUM,Development,0,844,LOW
67,227,1,LOW,Production,0,801,LOW
26,1,2,HIGH,Production,0,875,HIGH
3,141,1,HIGH,Production,0,186,HIGH
62,110,3,HIGH,Development,0,359,MEDIUM
2,333,4,LOW,Testing,0,624,MEDIUM
75,153,3,HIGH,Production,0,745,HIGH
35,341,0,HIGH,Development,0,54,LOW
1,159,1,MEDIUM,Testing,0,245,MEDIUM
33,351,3,MEDIUM,Production,1,693,HIGH
7,290,3,LOW,Staging,0,669,MEDIUM
31,304,3,MEDIUM,Testing,0,443,LOW
36,52,4,LOW,Production,2,940,HIGH
54,344,2,LOW,Development,0,111,LOW
105,300,4,MEDIUM,Development,0,822,LOW
61,177,1,MEDIUM,Production,1,619,MEDIUM
59,353,4,MEDIUM,Development,0,430,LOW
37,196,6,HIGH,Production,0,229,HIGH
37,269,2,MEDIUM,Testing,0,52,LOW
29,201,5,LOW,Development,0,439,LOW
10,50,3,LOW,Staging,0,692,MEDIUM
141,216,1,LOW,Development,2,273,LOW
20,262,5,HIGH,Production,2,226,HIGH
4,350,3,MEDIUM,Staging,0,416,MEDIUM
42,362,8,HIGH,Production,0,682,HIGH
18,23,5,MEDIUM,Production,0,765,HIGH
4,81,1,LOW,Testing,0,202,LOW
28,230,2,MEDIUM,Development,0,861,MEDIUM
17,308,0,HIGH,Production,0,894,HIGH
85,214,1,MEDIUM,Development,0,571,LOW
62,351,5,HIGH,Production,1,325,HIGH
11,188,4,LOW,Production,0,187,MEDIUM
27,250,5,HIGH,Production,0,95,HIGH
64,59,4,ADMIN,Production,0,18,HIGH
81,59,1,MEDIUM,Production,1,712,MEDIUM
23,297,0,ADMIN,Development,1,322,MEDIUM
29,152,1,HIGH,Production,0,520,HIGH
126,112,3,HIGH,Staging,0,937,MEDIUM
2,308,3,ADMIN,Staging,0,576,HIGH
144,55,4,LOW,Testing,3,728,MEDIUM
